timestamp,hour,day_of_week,month,count,location_id
2024-12-30 20:32:48.498217,20,0,12,282,1
2024-12-30 21:32:48.498217,21,0,12,207,1
2024-12-30 22:32:48.498217,22,0,12,265,1
2024-12-30 23:32:48.498217,23,0,12,254,1
2024-12-31 00:32:48.498217,0,1,12,38,1
2024-12-31 01:32:48.498217,1,1,12,46,1
2024-12-31 02:32:48.498217,2,1,12,49,1
2024-12-31 03:32:48.498217,3,1,12,48,1
2024-12-31 04:32:48.498217,4,1,12,51,1
2024-12-31 05:32:48.498217,5,1,12,55,1
2024-12-31 06:32:48.498217,6,1,12,236,1
2024-12-31 07:32:48.498217,7,1,12,213,1
2024-12-31 08:32:48.498217,8,1,12,657,1
2024-12-31 09:32:48.498217,9,1,12,586,1
2024-12-31 10:32:48.498217,10,1,12,222,1
2024-12-31 11:32:48.498217,11,1,12,254,1
2024-12-31 12:32:48.498217,12,1,12,270,1
2024-12-31 13:32:48.498217,13,1,12,286,1
2024-12-31 14:32:48.498217,14,1,12,205,1
2024-12-31 15:32:48.498217,15,1,12,253,1
2024-12-31 16:32:48.498217,16,1,12,246,1
2024-12-31 17:32:48.498217,17,1,12,591,1
2024-12-31 18:32:48.498217,18,1,12,538,1
2024-12-31 19:32:48.498217,19,1,12,256,1
2024-12-31 20:32:48.498217,20,1,12,200,1
2024-12-31 21:32:48.498217,21,1,12,202,1
2024-12-31 22:32:48.498217,22,1,12,236,1
2024-12-31 23:32:48.498217,23,1,12,271,1
2025-01-01 00:32:48.498217,0,2,1,50,1
2025-01-01 01:32:48.498217,1,2,1,50,1
2025-01-01 02:32:48.498217,2,2,1,48,1
2025-01-01 03:32:48.498217,3,2,1,55,1
2025-01-01 04:32:48.498217,4,2,1,54,1
2025-01-01 05:32:48.498217,5,2,1,39,1
2025-01-01 06:32:48.498217,6,2,1,212,1
2025-01-01 07:32:48.498217,7,2,1,276,1
2025-01-01 08:32:48.498217,8,2,1,596,1
2025-01-01 09:32:48.498217,9,2,1,691,1
2025-01-01 10:32:48.498217,10,2,1,249,1
2025-01-01 11:32:48.498217,11,2,1,218,1
2025-01-01 12:32:48.498217,12,2,1,282,1
2025-01-01 13:32:48.498217,13,2,1,268,1
2025-01-01 14:32:48.498217,14,2,1,224,1
2025-01-01 15:32:48.498217,15,2,1,234,1
2025-01-01 16:32:48.498217,16,2,1,258,1
2025-01-01 17:32:48.498217,17,2,1,552,1
2025-01-01 18:32:48.498217,18,2,1,556,1
2025-01-01 19:32:48.498217,19,2,1,193,1
2025-01-01 20:32:48.498217,20,2,1,200,1
2025-01-01 21:32:48.498217,21,2,1,250,1
2025-01-01 22:32:48.498217,22,2,1,220,1
2025-01-01 23:32:48.498217,23,2,1,284,1
2025-01-02 00:32:48.498217,0,3,1,52,1
2025-01-02 01:32:48.498217,1,3,1,54,1
2025-01-02 02:32:48.498217,2,3,1,50,1
2025-01-02 03:32:48.498217,3,3,1,55,1
2025-01-02 04:32:48.498217,4,3,1,49,1
2025-01-02 05:32:48.498217,5,3,1,56,1
2025-01-02 06:32:48.498217,6,3,1,258,1
2025-01-02 07:32:48.498217,7,3,1,211,1
2025-01-02 08:32:48.498217,8,3,1,645,1
2025-01-02 09:32:48.498217,9,3,1,502,1
2025-01-02 10:32:48.498217,10,3,1,264,1
2025-01-02 11:32:48.498217,11,3,1,232,1
2025-01-02 12:32:48.498217,12,3,1,278,1
2025-01-02 13:32:48.498217,13,3,1,266,1
2025-01-02 14:32:48.498217,14,3,1,249,1
2025-01-02 15:32:48.498217,15,3,1,236,1
2025-01-02 16:32:48.498217,16,3,1,232,1
2025-01-02 17:32:48.498217,17,3,1,579,1
2025-01-02 18:32:48.498217,18,3,1,542,1
2025-01-02 19:32:48.498217,19,3,1,272,1
2025-01-02 20:32:48.498217,20,3,1,210,1
2025-01-02 21:32:48.498217,21,3,1,231,1
2025-01-02 22:32:48.498217,22,3,1,260,1
2025-01-02 23:32:48.498217,23,3,1,193,1
2025-01-03 00:32:48.498217,0,4,1,42,1
2025-01-03 01:32:48.498217,1,4,1,49,1
2025-01-03 02:32:48.498217,2,4,1,55,1
2025-01-03 03:32:48.498217,3,4,1,55,1
2025-01-03 04:32:48.498217,4,4,1,51,1
2025-01-03 05:32:48.498217,5,4,1,54,1
2025-01-03 06:32:48.498217,6,4,1,248,1
2025-01-03 07:32:48.498217,7,4,1,196,1
2025-01-03 08:32:48.498217,8,4,1,710,1
2025-01-03 09:32:48.498217,9,4,1,621,1
2025-01-03 10:32:48.498217,10,4,1,222,1
2025-01-03 11:32:48.498217,11,4,1,249,1
2025-01-03 12:32:48.498217,12,4,1,274,1
2025-01-03 13:32:48.498217,13,4,1,267,1
2025-01-03 14:32:48.498217,14,4,1,234,1
2025-01-03 15:32:48.498217,15,4,1,276,1
2025-01-03 16:32:48.498217,16,4,1,228,1
2025-01-03 17:32:48.498217,17,4,1,706,1
2025-01-03 18:32:48.498217,18,4,1,642,1
2025-01-03 19:32:48.498217,19,4,1,266,1
2025-01-03 20:32:48.498217,20,4,1,222,1
2025-01-03 21:32:48.498217,21,4,1,231,1
2025-01-03 22:32:48.498217,22,4,1,274,1
2025-01-03 23:32:48.498217,23,4,1,214,1
2025-01-04 00:32:48.498217,0,5,1,34,1
2025-01-04 01:32:48.498217,1,5,1,33,1
2025-01-04 02:32:48.498217,2,5,1,39,1
2025-01-04 03:32:48.498217,3,5,1,36,1
2025-01-04 04:32:48.498217,4,5,1,36,1
2025-01-04 05:32:48.498217,5,5,1,28,1
2025-01-04 06:32:48.498217,6,5,1,153,1
2025-01-04 07:32:48.498217,7,5,1,147,1
2025-01-04 08:32:48.498217,8,5,1,147,1
2025-01-04 09:32:48.498217,9,5,1,205,1
2025-01-04 10:32:48.498217,10,5,1,164,1
2025-01-04 11:32:48.498217,11,5,1,396,1
2025-01-04 12:32:48.498217,12,5,1,336,1
2025-01-04 13:32:48.498217,13,5,1,352,1
2025-01-04 14:32:48.498217,14,5,1,422,1
2025-01-04 15:32:48.498217,15,5,1,300,1
2025-01-04 16:32:48.498217,16,5,1,429,1
2025-01-04 17:32:48.498217,17,5,1,146,1
2025-01-04 18:32:48.498217,18,5,1,211,1
2025-01-04 19:32:48.498217,19,5,1,169,1
2025-01-04 20:32:48.498217,20,5,1,151,1
2025-01-04 21:32:48.498217,21,5,1,188,1
2025-01-04 22:32:48.498217,22,5,1,169,1
2025-01-04 23:32:48.498217,23,5,1,199,1
2025-01-05 00:32:48.498217,0,6,1,33,1
2025-01-05 01:32:48.498217,1,6,1,36,1
2025-01-05 02:32:48.498217,2,6,1,32,1
2025-01-05 03:32:48.498217,3,6,1,42,1
2025-01-05 04:32:48.498217,4,6,1,33,1
2025-01-05 05:32:48.498217,5,6,1,38,1
2025-01-05 06:32:48.498217,6,6,1,195,1
2025-01-05 07:32:48.498217,7,6,1,172,1
2025-01-05 08:32:48.498217,8,6,1,192,1
2025-01-05 09:32:48.498217,9,6,1,193,1
2025-01-05 10:32:48.498217,10,6,1,189,1
2025-01-05 11:32:48.498217,11,6,1,349,1
2025-01-05 12:32:48.498217,12,6,1,309,1
2025-01-05 13:32:48.498217,13,6,1,351,1
2025-01-05 14:32:48.498217,14,6,1,408,1
2025-01-05 15:32:48.498217,15,6,1,288,1
2025-01-05 16:32:48.498217,16,6,1,381,1
2025-01-05 17:32:48.498217,17,6,1,194,1
2025-01-05 18:32:48.498217,18,6,1,213,1
2025-01-05 19:32:48.498217,19,6,1,174,1
2025-01-05 20:32:48.498217,20,6,1,151,1
2025-01-05 21:32:48.498217,21,6,1,210,1
2025-01-05 22:32:48.498217,22,6,1,196,1
2025-01-05 23:32:48.498217,23,6,1,170,1
2025-01-06 00:32:48.498217,0,0,1,48,1
2025-01-06 01:32:48.498217,1,0,1,54,1
2025-01-06 02:32:48.498217,2,0,1,54,1
2025-01-06 03:32:48.498217,3,0,1,43,1
2025-01-06 04:32:48.498217,4,0,1,42,1
2025-01-06 05:32:48.498217,5,0,1,50,1
2025-01-06 06:32:48.498217,6,0,1,195,1
2025-01-06 07:32:48.498217,7,0,1,258,1
2025-01-06 08:32:48.498217,8,0,1,530,1
2025-01-06 09:32:48.498217,9,0,1,571,1
2025-01-06 10:32:48.498217,10,0,1,220,1
2025-01-06 11:32:48.498217,11,0,1,216,1
2025-01-06 12:32:48.498217,12,0,1,196,1
2025-01-06 13:32:48.498217,13,0,1,231,1
2025-01-06 14:32:48.498217,14,0,1,272,1
2025-01-06 15:32:48.498217,15,0,1,230,1
2025-01-06 16:32:48.498217,16,0,1,253,1
2025-01-06 17:32:48.498217,17,0,1,560,1
2025-01-06 18:32:48.498217,18,0,1,578,1
2025-01-06 19:32:48.498217,19,0,1,232,1
2025-01-06 20:32:48.498217,20,0,1,261,1
2025-01-06 21:32:48.498217,21,0,1,266,1
2025-01-06 22:32:48.498217,22,0,1,283,1
2025-01-06 23:32:48.498217,23,0,1,270,1
2025-01-07 00:32:48.498217,0,1,1,40,1
2025-01-07 01:32:48.498217,1,1,1,54,1
2025-01-07 02:32:48.498217,2,1,1,49,1
2025-01-07 03:32:48.498217,3,1,1,54,1
2025-01-07 04:32:48.498217,4,1,1,43,1
2025-01-07 05:32:48.498217,5,1,1,45,1
2025-01-07 06:32:48.498217,6,1,1,214,1
2025-01-07 07:32:48.498217,7,1,1,218,1
2025-01-07 08:32:48.498217,8,1,1,630,1
2025-01-07 09:32:48.498217,9,1,1,574,1
2025-01-07 10:32:48.498217,10,1,1,196,1
2025-01-07 11:32:48.498217,11,1,1,234,1
2025-01-07 12:32:48.498217,12,1,1,267,1
2025-01-07 13:32:48.498217,13,1,1,267,1
2025-01-07 14:32:48.498217,14,1,1,226,1
2025-01-07 15:32:48.498217,15,1,1,248,1
2025-01-07 16:32:48.498217,16,1,1,253,1
2025-01-07 17:32:48.498217,17,1,1,600,1
2025-01-07 18:32:48.498217,18,1,1,598,1
2025-01-07 19:32:48.498217,19,1,1,248,1
2025-01-07 20:32:48.498217,20,1,1,270,1
2025-01-07 21:32:48.498217,21,1,1,206,1
2025-01-07 22:32:48.498217,22,1,1,225,1
2025-01-07 23:32:48.498217,23,1,1,283,1
2025-01-08 00:32:48.498217,0,2,1,55,1
2025-01-08 01:32:48.498217,1,2,1,55,1
2025-01-08 02:32:48.498217,2,2,1,39,1
2025-01-08 03:32:48.498217,3,2,1,55,1
2025-01-08 04:32:48.498217,4,2,1,50,1
2025-01-08 05:32:48.498217,5,2,1,48,1
2025-01-08 06:32:48.498217,6,2,1,226,1
2025-01-08 07:32:48.498217,7,2,1,211,1
2025-01-08 08:32:48.498217,8,2,1,650,1
2025-01-08 09:32:48.498217,9,2,1,603,1
2025-01-08 10:32:48.498217,10,2,1,213,1
2025-01-08 11:32:48.498217,11,2,1,201,1
2025-01-08 12:32:48.498217,12,2,1,228,1
2025-01-08 13:32:48.498217,13,2,1,219,1
2025-01-08 14:32:48.498217,14,2,1,220,1
2025-01-08 15:32:48.498217,15,2,1,240,1
2025-01-08 16:32:48.498217,16,2,1,236,1
2025-01-08 17:32:48.498217,17,2,1,486,1
2025-01-08 18:32:48.498217,18,2,1,552,1
2025-01-08 19:32:48.498217,19,2,1,208,1
2025-01-08 20:32:48.498217,20,2,1,237,1
2025-01-08 21:32:48.498217,21,2,1,200,1
2025-01-08 22:32:48.498217,22,2,1,238,1
2025-01-08 23:32:48.498217,23,2,1,199,1
2025-01-09 00:32:48.498217,0,3,1,49,1
2025-01-09 01:32:48.498217,1,3,1,45,1
2025-01-09 02:32:48.498217,2,3,1,43,1
2025-01-09 03:32:48.498217,3,3,1,54,1
2025-01-09 04:32:48.498217,4,3,1,48,1
2025-01-09 05:32:48.498217,5,3,1,54,1
2025-01-09 06:32:48.498217,6,3,1,229,1
2025-01-09 07:32:48.498217,7,3,1,206,1
2025-01-09 08:32:48.498217,8,3,1,608,1
2025-01-09 09:32:48.498217,9,3,1,578,1
2025-01-09 10:32:48.498217,10,3,1,218,1
2025-01-09 11:32:48.498217,11,3,1,274,1
2025-01-09 12:32:48.498217,12,3,1,258,1
2025-01-09 13:32:48.498217,13,3,1,232,1
2025-01-09 14:32:48.498217,14,3,1,193,1
2025-01-09 15:32:48.498217,15,3,1,246,1
2025-01-09 16:32:48.498217,16,3,1,255,1
2025-01-09 17:32:48.498217,17,3,1,547,1
2025-01-09 18:32:48.498217,18,3,1,578,1
2025-01-09 19:32:48.498217,19,3,1,211,1
2025-01-09 20:32:48.498217,20,3,1,274,1
2025-01-09 21:32:48.498217,21,3,1,231,1
2025-01-09 22:32:48.498217,22,3,1,285,1
2025-01-09 23:32:48.498217,23,3,1,194,1
2025-01-10 00:32:48.498217,0,4,1,39,1
2025-01-10 01:32:48.498217,1,4,1,39,1
2025-01-10 02:32:48.498217,2,4,1,51,1
2025-01-10 03:32:48.498217,3,4,1,40,1
2025-01-10 04:32:48.498217,4,4,1,50,1
2025-01-10 05:32:48.498217,5,4,1,45,1
2025-01-10 06:32:48.498217,6,4,1,194,1
2025-01-10 07:32:48.498217,7,4,1,202,1
2025-01-10 08:32:48.498217,8,4,1,632,1
2025-01-10 09:32:48.498217,9,4,1,663,1
2025-01-10 10:32:48.498217,10,4,1,220,1
2025-01-10 11:32:48.498217,11,4,1,258,1
2025-01-10 12:32:48.498217,12,4,1,259,1
2025-01-10 13:32:48.498217,13,4,1,224,1
2025-01-10 14:32:48.498217,14,4,1,207,1
2025-01-10 15:32:48.498217,15,4,1,267,1
2025-01-10 16:32:48.498217,16,4,1,212,1
2025-01-10 17:32:48.498217,17,4,1,606,1
2025-01-10 18:32:48.498217,18,4,1,648,1
2025-01-10 19:32:48.498217,19,4,1,262,1
2025-01-10 20:32:48.498217,20,4,1,212,1
2025-01-10 21:32:48.498217,21,4,1,240,1
2025-01-10 22:32:48.498217,22,4,1,212,1
2025-01-10 23:32:48.498217,23,4,1,270,1
2025-01-11 00:32:48.498217,0,5,1,39,1
2025-01-11 01:32:48.498217,1,5,1,34,1
2025-01-11 02:32:48.498217,2,5,1,28,1
2025-01-11 03:32:48.498217,3,5,1,42,1
2025-01-11 04:32:48.498217,4,5,1,28,1
2025-01-11 05:32:48.498217,5,5,1,32,1
2025-01-11 06:32:48.498217,6,5,1,188,1
2025-01-11 07:32:48.498217,7,5,1,200,1
2025-01-11 08:32:48.498217,8,5,1,147,1
2025-01-11 09:32:48.498217,9,5,1,196,1
2025-01-11 10:32:48.498217,10,5,1,165,1
2025-01-11 11:32:48.498217,11,5,1,428,1
2025-01-11 12:32:48.498217,12,5,1,330,1
2025-01-11 13:32:48.498217,13,5,1,366,1
2025-01-11 14:32:48.498217,14,5,1,342,1
2025-01-11 15:32:48.498217,15,5,1,350,1
2025-01-11 16:32:48.498217,16,5,1,386,1
2025-01-11 17:32:48.498217,17,5,1,176,1
2025-01-11 18:32:48.498217,18,5,1,158,1
2025-01-11 19:32:48.498217,19,5,1,201,1
2025-01-11 20:32:48.498217,20,5,1,184,1
2025-01-11 21:32:48.498217,21,5,1,156,1
2025-01-11 22:32:48.498217,22,5,1,213,1
2025-01-11 23:32:48.498217,23,5,1,170,1
2025-01-12 00:32:48.498217,0,6,1,38,1
2025-01-12 01:32:48.498217,1,6,1,32,1
2025-01-12 02:32:48.498217,2,6,1,33,1
2025-01-12 03:32:48.498217,3,6,1,30,1
2025-01-12 04:32:48.498217,4,6,1,42,1
2025-01-12 05:32:48.498217,5,6,1,31,1
2025-01-12 06:32:48.498217,6,6,1,153,1
2025-01-12 07:32:48.498217,7,6,1,202,1
2025-01-12 08:32:48.498217,8,6,1,165,1
2025-01-12 09:32:48.498217,9,6,1,195,1
2025-01-12 10:32:48.498217,10,6,1,168,1
2025-01-12 11:32:48.498217,11,6,1,402,1
2025-01-12 12:32:48.498217,12,6,1,384,1
2025-01-12 13:32:48.498217,13,6,1,322,1
2025-01-12 14:32:48.498217,14,6,1,409,1
2025-01-12 15:32:48.498217,15,6,1,308,1
2025-01-12 16:32:48.498217,16,6,1,403,1
2025-01-12 17:32:48.498217,17,6,1,175,1
2025-01-12 18:32:48.498217,18,6,1,150,1
2025-01-12 19:32:48.498217,19,6,1,147,1
2025-01-12 20:32:48.498217,20,6,1,169,1
2025-01-12 21:32:48.498217,21,6,1,153,1
2025-01-12 22:32:48.498217,22,6,1,196,1
2025-01-12 23:32:48.498217,23,6,1,181,1
2025-01-13 00:32:48.498217,0,0,1,43,1
2025-01-13 01:32:48.498217,1,0,1,39,1
2025-01-13 02:32:48.498217,2,0,1,49,1
2025-01-13 03:32:48.498217,3,0,1,56,1
2025-01-13 04:32:48.498217,4,0,1,49,1
2025-01-13 05:32:48.498217,5,0,1,55,1
2025-01-13 06:32:48.498217,6,0,1,266,1
2025-01-13 07:32:48.498217,7,0,1,264,1
2025-01-13 08:32:48.498217,8,0,1,684,1
2025-01-13 09:32:48.498217,9,0,1,618,1
2025-01-13 10:32:48.498217,10,0,1,241,1
2025-01-13 11:32:48.498217,11,0,1,212,1
2025-01-13 12:32:48.498217,12,0,1,220,1
2025-01-13 13:32:48.498217,13,0,1,270,1
2025-01-13 14:32:48.498217,14,0,1,218,1
2025-01-13 15:32:48.498217,15,0,1,200,1
2025-01-13 16:32:48.498217,16,0,1,207,1
2025-01-13 17:32:48.498217,17,0,1,700,1
2025-01-13 18:32:48.498217,18,0,1,547,1
2025-01-13 19:32:48.498217,19,0,1,208,1
2025-01-13 20:32:48.498217,20,0,1,192,1
2025-01-13 21:32:48.498217,21,0,1,224,1
2025-01-13 22:32:48.498217,22,0,1,222,1
2025-01-13 23:32:48.498217,23,0,1,265,1
2025-01-14 00:32:48.498217,0,1,1,52,1
2025-01-14 01:32:48.498217,1,1,1,43,1
2025-01-14 02:32:48.498217,2,1,1,44,1
2025-01-14 03:32:48.498217,3,1,1,46,1
2025-01-14 04:32:48.498217,4,1,1,44,1
2025-01-14 05:32:48.498217,5,1,1,46,1
2025-01-14 06:32:48.498217,6,1,1,260,1
2025-01-14 07:32:48.498217,7,1,1,211,1
2025-01-14 08:32:48.498217,8,1,1,487,1
2025-01-14 09:32:48.498217,9,1,1,628,1
2025-01-14 10:32:48.498217,10,1,1,279,1
2025-01-14 11:32:48.498217,11,1,1,238,1
2025-01-14 12:32:48.498217,12,1,1,207,1
2025-01-14 13:32:48.498217,13,1,1,246,1
2025-01-14 14:32:48.498217,14,1,1,206,1
2025-01-14 15:32:48.498217,15,1,1,278,1
2025-01-14 16:32:48.498217,16,1,1,236,1
2025-01-14 17:32:48.498217,17,1,1,520,1
2025-01-14 18:32:48.498217,18,1,1,482,1
2025-01-14 19:32:48.498217,19,1,1,259,1
2025-01-14 20:32:48.498217,20,1,1,224,1
2025-01-14 21:32:48.498217,21,1,1,219,1
2025-01-14 22:32:48.498217,22,1,1,265,1
2025-01-14 23:32:48.498217,23,1,1,262,1
2025-01-15 00:32:48.498217,0,2,1,38,1
2025-01-15 01:32:48.498217,1,2,1,55,1
2025-01-15 02:32:48.498217,2,2,1,38,1
2025-01-15 03:32:48.498217,3,2,1,52,1
2025-01-15 04:32:48.498217,4,2,1,51,1
2025-01-15 05:32:48.498217,5,2,1,39,1
2025-01-15 06:32:48.498217,6,2,1,249,1
2025-01-15 07:32:48.498217,7,2,1,253,1
2025-01-15 08:32:48.498217,8,2,1,700,1
2025-01-15 09:32:48.498217,9,2,1,513,1
2025-01-15 10:32:48.498217,10,2,1,235,1
2025-01-15 11:32:48.498217,11,2,1,198,1
2025-01-15 12:32:48.498217,12,2,1,249,1
2025-01-15 13:32:48.498217,13,2,1,217,1
2025-01-15 14:32:48.498217,14,2,1,204,1
2025-01-15 15:32:48.498217,15,2,1,205,1
2025-01-15 16:32:48.498217,16,2,1,247,1
2025-01-15 17:32:48.498217,17,2,1,492,1
2025-01-15 18:32:48.498217,18,2,1,685,1
2025-01-15 19:32:48.498217,19,2,1,285,1
2025-01-15 20:32:48.498217,20,2,1,225,1
2025-01-15 21:32:48.498217,21,2,1,195,1
2025-01-15 22:32:48.498217,22,2,1,246,1
2025-01-15 23:32:48.498217,23,2,1,241,1
2025-01-16 00:32:48.498217,0,3,1,39,1
2025-01-16 01:32:48.498217,1,3,1,46,1
2025-01-16 02:32:48.498217,2,3,1,48,1
2025-01-16 03:32:48.498217,3,3,1,45,1
2025-01-16 04:32:48.498217,4,3,1,45,1
2025-01-16 05:32:48.498217,5,3,1,46,1
2025-01-16 06:32:48.498217,6,3,1,276,1
2025-01-16 07:32:48.498217,7,3,1,192,1
2025-01-16 08:32:48.498217,8,3,1,540,1
2025-01-16 09:32:48.498217,9,3,1,578,1
2025-01-16 10:32:48.498217,10,3,1,276,1
2025-01-16 11:32:48.498217,11,3,1,274,1
2025-01-16 12:32:48.498217,12,3,1,226,1
2025-01-16 13:32:48.498217,13,3,1,213,1
2025-01-16 14:32:48.498217,14,3,1,278,1
2025-01-16 15:32:48.498217,15,3,1,222,1
2025-01-16 16:32:48.498217,16,3,1,284,1
2025-01-16 17:32:48.498217,17,3,1,488,1
2025-01-16 18:32:48.498217,18,3,1,482,1
2025-01-16 19:32:48.498217,19,3,1,204,1
2025-01-16 20:32:48.498217,20,3,1,266,1
2025-01-16 21:32:48.498217,21,3,1,242,1
2025-01-16 22:32:48.498217,22,3,1,284,1
2025-01-16 23:32:48.498217,23,3,1,243,1
2025-01-17 00:32:48.498217,0,4,1,39,1
2025-01-17 01:32:48.498217,1,4,1,46,1
2025-01-17 02:32:48.498217,2,4,1,46,1
2025-01-17 03:32:48.498217,3,4,1,46,1
2025-01-17 04:32:48.498217,4,4,1,51,1
2025-01-17 05:32:48.498217,5,4,1,49,1
2025-01-17 06:32:48.498217,6,4,1,237,1
2025-01-17 07:32:48.498217,7,4,1,200,1
2025-01-17 08:32:48.498217,8,4,1,574,1
2025-01-17 09:32:48.498217,9,4,1,565,1
2025-01-17 10:32:48.498217,10,4,1,212,1
2025-01-17 11:32:48.498217,11,4,1,225,1
2025-01-17 12:32:48.498217,12,4,1,210,1
2025-01-17 13:32:48.498217,13,4,1,219,1
2025-01-17 14:32:48.498217,14,4,1,242,1
2025-01-17 15:32:48.498217,15,4,1,243,1
2025-01-17 16:32:48.498217,16,4,1,216,1
2025-01-17 17:32:48.498217,17,4,1,507,1
2025-01-17 18:32:48.498217,18,4,1,488,1
2025-01-17 19:32:48.498217,19,4,1,193,1
2025-01-17 20:32:48.498217,20,4,1,202,1
2025-01-17 21:32:48.498217,21,4,1,225,1
2025-01-17 22:32:48.498217,22,4,1,231,1
2025-01-17 23:32:48.498217,23,4,1,217,1
2025-01-18 00:32:48.498217,0,5,1,32,1
2025-01-18 01:32:48.498217,1,5,1,37,1
2025-01-18 02:32:48.498217,2,5,1,28,1
2025-01-18 03:32:48.498217,3,5,1,34,1
2025-01-18 04:32:48.498217,4,5,1,38,1
2025-01-18 05:32:48.498217,5,5,1,38,1
2025-01-18 06:32:48.498217,6,5,1,159,1
2025-01-18 07:32:48.498217,7,5,1,177,1
2025-01-18 08:32:48.498217,8,5,1,166,1
2025-01-18 09:32:48.498217,9,5,1,204,1
2025-01-18 10:32:48.498217,10,5,1,193,1
2025-01-18 11:32:48.498217,11,5,1,379,1
2025-01-18 12:32:48.498217,12,5,1,306,1
2025-01-18 13:32:48.498217,13,5,1,345,1
2025-01-18 14:32:48.498217,14,5,1,378,1
2025-01-18 15:32:48.498217,15,5,1,320,1
2025-01-18 16:32:48.498217,16,5,1,409,1
2025-01-18 17:32:48.498217,17,5,1,156,1
2025-01-18 18:32:48.498217,18,5,1,196,1
2025-01-18 19:32:48.498217,19,5,1,182,1
2025-01-18 20:32:48.498217,20,5,1,206,1
2025-01-18 21:32:48.498217,21,5,1,195,1
2025-01-18 22:32:48.498217,22,5,1,192,1
2025-01-18 23:32:48.498217,23,5,1,159,1
2025-01-19 00:32:48.498217,0,6,1,40,1
2025-01-19 01:32:48.498217,1,6,1,42,1
2025-01-19 02:32:48.498217,2,6,1,33,1
2025-01-19 03:32:48.498217,3,6,1,31,1
2025-01-19 04:32:48.498217,4,6,1,28,1
2025-01-19 05:32:48.498217,5,6,1,34,1
2025-01-19 06:32:48.498217,6,6,1,193,1
2025-01-19 07:32:48.498217,7,6,1,156,1
2025-01-19 08:32:48.498217,8,6,1,170,1
2025-01-19 09:32:48.498217,9,6,1,170,1
2025-01-19 10:32:48.498217,10,6,1,195,1
2025-01-19 11:32:48.498217,11,6,1,356,1
2025-01-19 12:32:48.498217,12,6,1,298,1
2025-01-19 13:32:48.498217,13,6,1,397,1
2025-01-19 14:32:48.498217,14,6,1,399,1
2025-01-19 15:32:48.498217,15,6,1,430,1
2025-01-19 16:32:48.498217,16,6,1,382,1
2025-01-19 17:32:48.498217,17,6,1,145,1
2025-01-19 18:32:48.498217,18,6,1,182,1
2025-01-19 19:32:48.498217,19,6,1,206,1
2025-01-19 20:32:48.498217,20,6,1,157,1
2025-01-19 21:32:48.498217,21,6,1,170,1
2025-01-19 22:32:48.498217,22,6,1,202,1
2025-01-19 23:32:48.498217,23,6,1,154,1
2025-01-20 00:32:48.498217,0,0,1,48,1
2025-01-20 01:32:48.498217,1,0,1,44,1
2025-01-20 02:32:48.498217,2,0,1,46,1
2025-01-20 03:32:48.498217,3,0,1,54,1
2025-01-20 04:32:48.498217,4,0,1,43,1
2025-01-20 05:32:48.498217,5,0,1,52,1
2025-01-20 06:32:48.498217,6,0,1,202,1
2025-01-20 07:32:48.498217,7,0,1,284,1
2025-01-20 08:32:48.498217,8,0,1,666,1
2025-01-20 09:32:48.498217,9,0,1,518,1
2025-01-20 10:32:48.498217,10,0,1,260,1
2025-01-20 11:32:48.498217,11,0,1,232,1
2025-01-20 12:32:48.498217,12,0,1,268,1
2025-01-20 13:32:48.498217,13,0,1,212,1
2025-01-20 14:32:48.498217,14,0,1,249,1
2025-01-20 15:32:48.498217,15,0,1,229,1
2025-01-20 16:32:48.498217,16,0,1,230,1
2025-01-20 17:32:48.498217,17,0,1,706,1
2025-01-20 18:32:48.498217,18,0,1,644,1
2025-01-20 19:32:48.498217,19,0,1,280,1
2025-01-20 20:32:48.498217,20,0,1,280,1
2025-01-20 21:32:48.498217,21,0,1,274,1
2025-01-20 22:32:48.498217,22,0,1,237,1
2025-01-20 23:32:48.498217,23,0,1,205,1
2025-01-21 00:32:48.498217,0,1,1,49,1
2025-01-21 01:32:48.498217,1,1,1,51,1
2025-01-21 02:32:48.498217,2,1,1,45,1
2025-01-21 03:32:48.498217,3,1,1,51,1
2025-01-21 04:32:48.498217,4,1,1,56,1
2025-01-21 05:32:48.498217,5,1,1,55,1
2025-01-21 06:32:48.498217,6,1,1,272,1
2025-01-21 07:32:48.498217,7,1,1,241,1
2025-01-21 08:32:48.498217,8,1,1,531,1
2025-01-21 09:32:48.498217,9,1,1,490,1
2025-01-21 10:32:48.498217,10,1,1,262,1
2025-01-21 11:32:48.498217,11,1,1,229,1
2025-01-21 12:32:48.498217,12,1,1,255,1
2025-01-21 13:32:48.498217,13,1,1,249,1
2025-01-21 14:32:48.498217,14,1,1,210,1
2025-01-21 15:32:48.498217,15,1,1,241,1
2025-01-21 16:32:48.498217,16,1,1,280,1
2025-01-21 17:32:48.498217,17,1,1,703,1
2025-01-21 18:32:48.498217,18,1,1,535,1
2025-01-21 19:32:48.498217,19,1,1,270,1
2025-01-21 20:32:48.498217,20,1,1,204,1
2025-01-21 21:32:48.498217,21,1,1,204,1
2025-01-21 22:32:48.498217,22,1,1,267,1
2025-01-21 23:32:48.498217,23,1,1,276,1
2025-01-22 00:32:48.498217,0,2,1,45,1
2025-01-22 01:32:48.498217,1,2,1,46,1
2025-01-22 02:32:48.498217,2,2,1,55,1
2025-01-22 03:32:48.498217,3,2,1,51,1
2025-01-22 04:32:48.498217,4,2,1,51,1
2025-01-22 05:32:48.498217,5,2,1,50,1
2025-01-22 06:32:48.498217,6,2,1,276,1
2025-01-22 07:32:48.498217,7,2,1,278,1
2025-01-22 08:32:48.498217,8,2,1,661,1
2025-01-22 09:32:48.498217,9,2,1,524,1
2025-01-22 10:32:48.498217,10,2,1,282,1
2025-01-22 11:32:48.498217,11,2,1,284,1
2025-01-22 12:32:48.498217,12,2,1,256,1
2025-01-22 13:32:48.498217,13,2,1,252,1
2025-01-22 14:32:48.498217,14,2,1,271,1
2025-01-22 15:32:48.498217,15,2,1,192,1
2025-01-22 16:32:48.498217,16,2,1,218,1
2025-01-22 17:32:48.498217,17,2,1,578,1
2025-01-22 18:32:48.498217,18,2,1,550,1
2025-01-22 19:32:48.498217,19,2,1,274,1
2025-01-22 20:32:48.498217,20,2,1,261,1
2025-01-22 21:32:48.498217,21,2,1,285,1
2025-01-22 22:32:48.498217,22,2,1,194,1
2025-01-22 23:32:48.498217,23,2,1,216,1
2025-01-23 00:32:48.498217,0,3,1,44,1
2025-01-23 01:32:48.498217,1,3,1,54,1
2025-01-23 02:32:48.498217,2,3,1,38,1
2025-01-23 03:32:48.498217,3,3,1,46,1
2025-01-23 04:32:48.498217,4,3,1,51,1
2025-01-23 05:32:48.498217,5,3,1,45,1
2025-01-23 06:32:48.498217,6,3,1,220,1
2025-01-23 07:32:48.498217,7,3,1,231,1
2025-01-23 08:32:48.498217,8,3,1,537,1
2025-01-23 09:32:48.498217,9,3,1,615,1
2025-01-23 10:32:48.498217,10,3,1,198,1
2025-01-23 11:32:48.498217,11,3,1,210,1
2025-01-23 12:32:48.498217,12,3,1,200,1
2025-01-23 13:32:48.498217,13,3,1,272,1
2025-01-23 14:32:48.498217,14,3,1,240,1
2025-01-23 15:32:48.498217,15,3,1,196,1
2025-01-23 16:32:48.498217,16,3,1,265,1
2025-01-23 17:32:48.498217,17,3,1,709,1
2025-01-23 18:32:48.498217,18,3,1,645,1
2025-01-23 19:32:48.498217,19,3,1,271,1
2025-01-23 20:32:48.498217,20,3,1,253,1
2025-01-23 21:32:48.498217,21,3,1,248,1
2025-01-23 22:32:48.498217,22,3,1,220,1
2025-01-23 23:32:48.498217,23,3,1,193,1
2025-01-24 00:32:48.498217,0,4,1,56,1
2025-01-24 01:32:48.498217,1,4,1,56,1
2025-01-24 02:32:48.498217,2,4,1,39,1
2025-01-24 03:32:48.498217,3,4,1,51,1
2025-01-24 04:32:48.498217,4,4,1,43,1
2025-01-24 05:32:48.498217,5,4,1,56,1
2025-01-24 06:32:48.498217,6,4,1,207,1
2025-01-24 07:32:48.498217,7,4,1,237,1
2025-01-24 08:32:48.498217,8,4,1,716,1
2025-01-24 09:32:48.498217,9,4,1,717,1
2025-01-24 10:32:48.498217,10,4,1,224,1
2025-01-24 11:32:48.498217,11,4,1,252,1
2025-01-24 12:32:48.498217,12,4,1,266,1
2025-01-24 13:32:48.498217,13,4,1,237,1
2025-01-24 14:32:48.498217,14,4,1,247,1
2025-01-24 15:32:48.498217,15,4,1,237,1
2025-01-24 16:32:48.498217,16,4,1,198,1
2025-01-24 17:32:48.498217,17,4,1,670,1
2025-01-24 18:32:48.498217,18,4,1,612,1
2025-01-24 19:32:48.498217,19,4,1,240,1
2025-01-24 20:32:48.498217,20,4,1,230,1
2025-01-24 21:32:48.498217,21,4,1,266,1
2025-01-24 22:32:48.498217,22,4,1,256,1
2025-01-24 23:32:48.498217,23,4,1,267,1
2025-01-25 00:32:48.498217,0,5,1,28,1
2025-01-25 01:32:48.498217,1,5,1,39,1
2025-01-25 02:32:48.498217,2,5,1,30,1
2025-01-25 03:32:48.498217,3,5,1,33,1
2025-01-25 04:32:48.498217,4,5,1,37,1
2025-01-25 05:32:48.498217,5,5,1,38,1
2025-01-25 06:32:48.498217,6,5,1,214,1
2025-01-25 07:32:48.498217,7,5,1,207,1
2025-01-25 08:32:48.498217,8,5,1,202,1
2025-01-25 09:32:48.498217,9,5,1,202,1
2025-01-25 10:32:48.498217,10,5,1,145,1
2025-01-25 11:32:48.498217,11,5,1,314,1
2025-01-25 12:32:48.498217,12,5,1,315,1
2025-01-25 13:32:48.498217,13,5,1,402,1
2025-01-25 14:32:48.498217,14,5,1,354,1
2025-01-25 15:32:48.498217,15,5,1,363,1
2025-01-25 16:32:48.498217,16,5,1,338,1
2025-01-25 17:32:48.498217,17,5,1,153,1
2025-01-25 18:32:48.498217,18,5,1,153,1
2025-01-25 19:32:48.498217,19,5,1,145,1
2025-01-25 20:32:48.498217,20,5,1,199,1
2025-01-25 21:32:48.498217,21,5,1,186,1
2025-01-25 22:32:48.498217,22,5,1,193,1
2025-01-25 23:32:48.498217,23,5,1,158,1
2025-01-26 00:32:48.498217,0,6,1,28,1
2025-01-26 01:32:48.498217,1,6,1,30,1
2025-01-26 02:32:48.498217,2,6,1,33,1
2025-01-26 03:32:48.498217,3,6,1,32,1
2025-01-26 04:32:48.498217,4,6,1,28,1
2025-01-26 05:32:48.498217,5,6,1,32,1
2025-01-26 06:32:48.498217,6,6,1,208,1
2025-01-26 07:32:48.498217,7,6,1,148,1
2025-01-26 08:32:48.498217,8,6,1,181,1
2025-01-26 09:32:48.498217,9,6,1,201,1
2025-01-26 10:32:48.498217,10,6,1,166,1
2025-01-26 11:32:48.498217,11,6,1,290,1
2025-01-26 12:32:48.498217,12,6,1,330,1
2025-01-26 13:32:48.498217,13,6,1,406,1
2025-01-26 14:32:48.498217,14,6,1,418,1
2025-01-26 15:32:48.498217,15,6,1,420,1
2025-01-26 16:32:48.498217,16,6,1,344,1
2025-01-26 17:32:48.498217,17,6,1,187,1
2025-01-26 18:32:48.498217,18,6,1,164,1
2025-01-26 19:32:48.498217,19,6,1,199,1
2025-01-26 20:32:48.498217,20,6,1,146,1
2025-01-26 21:32:48.498217,21,6,1,152,1
2025-01-26 22:32:48.498217,22,6,1,213,1
2025-01-26 23:32:48.498217,23,6,1,169,1
2025-01-27 00:32:48.498217,0,0,1,46,1
2025-01-27 01:32:48.498217,1,0,1,40,1
2025-01-27 02:32:48.498217,2,0,1,49,1
2025-01-27 03:32:48.498217,3,0,1,38,1
2025-01-27 04:32:48.498217,4,0,1,49,1
2025-01-27 05:32:48.498217,5,0,1,48,1
2025-01-27 06:32:48.498217,6,0,1,256,1
2025-01-27 07:32:48.498217,7,0,1,211,1
2025-01-27 08:32:48.498217,8,0,1,516,1
2025-01-27 09:32:48.498217,9,0,1,488,1
2025-01-27 10:32:48.498217,10,0,1,276,1
2025-01-27 11:32:48.498217,11,0,1,241,1
2025-01-27 12:32:48.498217,12,0,1,261,1
2025-01-27 13:32:48.498217,13,0,1,218,1
2025-01-27 14:32:48.498217,14,0,1,238,1
2025-01-27 15:32:48.498217,15,0,1,256,1
2025-01-27 16:32:48.498217,16,0,1,273,1
2025-01-27 17:32:48.498217,17,0,1,679,1
2025-01-27 18:32:48.498217,18,0,1,559,1
2025-01-27 19:32:48.498217,19,0,1,260,1
2025-01-27 20:32:48.498217,20,0,1,205,1
2025-01-27 21:32:48.498217,21,0,1,229,1
2025-01-27 22:32:48.498217,22,0,1,250,1
2025-01-27 23:32:48.498217,23,0,1,218,1
2025-01-28 00:32:48.498217,0,1,1,38,1
2025-01-28 01:32:48.498217,1,1,1,55,1
2025-01-28 02:32:48.498217,2,1,1,48,1
2025-01-28 03:32:48.498217,3,1,1,38,1
2025-01-28 04:32:48.498217,4,1,1,49,1
2025-01-28 05:32:48.498217,5,1,1,46,1
2025-01-28 06:32:48.498217,6,1,1,212,1
2025-01-28 07:32:48.498217,7,1,1,284,1
2025-01-28 08:32:48.498217,8,1,1,516,1
2025-01-28 09:32:48.498217,9,1,1,520,1
2025-01-28 10:32:48.498217,10,1,1,240,1
2025-01-28 11:32:48.498217,11,1,1,249,1
2025-01-28 12:32:48.498217,12,1,1,274,1
2025-01-28 13:32:48.498217,13,1,1,231,1
2025-01-28 14:32:48.498217,14,1,1,259,1
2025-01-28 15:32:48.498217,15,1,1,242,1
2025-01-28 16:32:48.498217,16,1,1,267,1
2025-01-28 17:32:48.498217,17,1,1,553,1
2025-01-28 18:32:48.498217,18,1,1,686,1
2025-01-28 19:32:48.498217,19,1,1,195,1
2025-01-28 20:32:48.498217,20,1,1,254,1
2025-01-28 21:32:48.498217,21,1,1,232,1
2025-01-28 22:32:48.498217,22,1,1,250,1
2025-01-28 23:32:48.498217,23,1,1,210,1
2025-01-29 00:32:48.498217,0,2,1,46,1
2025-01-29 01:32:48.498217,1,2,1,51,1
2025-01-29 02:32:48.498217,2,2,1,56,1
2025-01-29 03:32:48.498217,3,2,1,48,1
2025-01-29 04:32:48.498217,4,2,1,45,1
2025-01-29 05:32:48.498217,5,2,1,56,1
2025-01-29 06:32:48.498217,6,2,1,252,1
2025-01-29 07:32:48.498217,7,2,1,212,1
2025-01-29 08:32:48.498217,8,2,1,630,1
2025-01-29 09:32:48.498217,9,2,1,554,1
2025-01-29 10:32:48.498217,10,2,1,286,1
2025-01-29 11:32:48.498217,11,2,1,262,1
2025-01-29 12:32:48.498217,12,2,1,206,1
2025-01-29 13:32:48.498217,13,2,1,259,1
2025-01-29 14:32:48.498217,14,2,1,238,1
2025-01-29 15:32:48.498217,15,2,1,210,1
2025-01-29 16:32:48.498217,16,2,1,226,1
2025-01-29 17:32:48.498217,17,2,1,644,1
2025-01-29 18:32:48.498217,18,2,1,698,1
2025-01-29 19:32:48.498217,19,2,1,200,1
2025-01-29 20:32:48.498217,20,2,1,270,1
2025-01-29 21:32:48.498217,21,2,1,258,1
2025-01-29 22:32:48.498217,22,2,1,265,1
2025-01-29 23:32:48.498217,23,2,1,244,1
2025-01-30 00:32:48.498217,0,3,1,51,1
2025-01-30 01:32:48.498217,1,3,1,56,1
2025-01-30 02:32:48.498217,2,3,1,50,1
2025-01-30 03:32:48.498217,3,3,1,42,1
2025-01-30 04:32:48.498217,4,3,1,52,1
2025-01-30 05:32:48.498217,5,3,1,39,1
2025-01-30 06:32:48.498217,6,3,1,242,1
2025-01-30 07:32:48.498217,7,3,1,237,1
2025-01-30 08:32:48.498217,8,3,1,501,1
2025-01-30 09:32:48.498217,9,3,1,588,1
2025-01-30 10:32:48.498217,10,3,1,249,1
2025-01-30 11:32:48.498217,11,3,1,259,1
2025-01-30 12:32:48.498217,12,3,1,258,1
2025-01-30 13:32:48.498217,13,3,1,252,1
2025-01-30 14:32:48.498217,14,3,1,244,1
2025-01-30 15:32:48.498217,15,3,1,225,1
2025-01-30 16:32:48.498217,16,3,1,266,1
2025-01-30 17:32:48.498217,17,3,1,655,1
2025-01-30 18:32:48.498217,18,3,1,568,1
2025-01-30 19:32:48.498217,19,3,1,252,1
2024-12-30 20:32:48.498217,20,0,12,211,2
2024-12-30 21:32:48.498217,21,0,12,155,2
2024-12-30 22:32:48.498217,22,0,12,198,2
2024-12-30 23:32:48.498217,23,0,12,190,2
2024-12-31 00:32:48.498217,0,1,12,28,2
2024-12-31 01:32:48.498217,1,1,12,35,2
2024-12-31 02:32:48.498217,2,1,12,36,2
2024-12-31 03:32:48.498217,3,1,12,36,2
2024-12-31 04:32:48.498217,4,1,12,38,2
2024-12-31 05:32:48.498217,5,1,12,41,2
2024-12-31 06:32:48.498217,6,1,12,177,2
2024-12-31 07:32:48.498217,7,1,12,160,2
2024-12-31 08:32:48.498217,8,1,12,493,2
2024-12-31 09:32:48.498217,9,1,12,440,2
2024-12-31 10:32:48.498217,10,1,12,166,2
2024-12-31 11:32:48.498217,11,1,12,190,2
2024-12-31 12:32:48.498217,12,1,12,202,2
2024-12-31 13:32:48.498217,13,1,12,215,2
2024-12-31 14:32:48.498217,14,1,12,153,2
2024-12-31 15:32:48.498217,15,1,12,189,2
2024-12-31 16:32:48.498217,16,1,12,184,2
2024-12-31 17:32:48.498217,17,1,12,443,2
2024-12-31 18:32:48.498217,18,1,12,404,2
2024-12-31 19:32:48.498217,19,1,12,192,2
2024-12-31 20:32:48.498217,20,1,12,150,2
2024-12-31 21:32:48.498217,21,1,12,152,2
2024-12-31 22:32:48.498217,22,1,12,177,2
2024-12-31 23:32:48.498217,23,1,12,203,2
2025-01-01 00:32:48.498217,0,2,1,37,2
2025-01-01 01:32:48.498217,1,2,1,37,2
2025-01-01 02:32:48.498217,2,2,1,36,2
2025-01-01 03:32:48.498217,3,2,1,41,2
2025-01-01 04:32:48.498217,4,2,1,40,2
2025-01-01 05:32:48.498217,5,2,1,29,2
2025-01-01 06:32:48.498217,6,2,1,159,2
2025-01-01 07:32:48.498217,7,2,1,207,2
2025-01-01 08:32:48.498217,8,2,1,447,2
2025-01-01 09:32:48.498217,9,2,1,518,2
2025-01-01 10:32:48.498217,10,2,1,187,2
2025-01-01 11:32:48.498217,11,2,1,163,2
2025-01-01 12:32:48.498217,12,2,1,211,2
2025-01-01 13:32:48.498217,13,2,1,201,2
2025-01-01 14:32:48.498217,14,2,1,168,2
2025-01-01 15:32:48.498217,15,2,1,175,2
2025-01-01 16:32:48.498217,16,2,1,193,2
2025-01-01 17:32:48.498217,17,2,1,414,2
2025-01-01 18:32:48.498217,18,2,1,417,2
2025-01-01 19:32:48.498217,19,2,1,144,2
2025-01-01 20:32:48.498217,20,2,1,150,2
2025-01-01 21:32:48.498217,21,2,1,188,2
2025-01-01 22:32:48.498217,22,2,1,165,2
2025-01-01 23:32:48.498217,23,2,1,213,2
2025-01-02 00:32:48.498217,0,3,1,39,2
2025-01-02 01:32:48.498217,1,3,1,40,2
2025-01-02 02:32:48.498217,2,3,1,37,2
2025-01-02 03:32:48.498217,3,3,1,41,2
2025-01-02 04:32:48.498217,4,3,1,36,2
2025-01-02 05:32:48.498217,5,3,1,42,2
2025-01-02 06:32:48.498217,6,3,1,193,2
2025-01-02 07:32:48.498217,7,3,1,158,2
2025-01-02 08:32:48.498217,8,3,1,484,2
2025-01-02 09:32:48.498217,9,3,1,377,2
2025-01-02 10:32:48.498217,10,3,1,198,2
2025-01-02 11:32:48.498217,11,3,1,174,2
2025-01-02 12:32:48.498217,12,3,1,208,2
2025-01-02 13:32:48.498217,13,3,1,199,2
2025-01-02 14:32:48.498217,14,3,1,187,2
2025-01-02 15:32:48.498217,15,3,1,177,2
2025-01-02 16:32:48.498217,16,3,1,174,2
2025-01-02 17:32:48.498217,17,3,1,434,2
2025-01-02 18:32:48.498217,18,3,1,406,2
2025-01-02 19:32:48.498217,19,3,1,204,2
2025-01-02 20:32:48.498217,20,3,1,157,2
2025-01-02 21:32:48.498217,21,3,1,173,2
2025-01-02 22:32:48.498217,22,3,1,195,2
2025-01-02 23:32:48.498217,23,3,1,144,2
2025-01-03 00:32:48.498217,0,4,1,31,2
2025-01-03 01:32:48.498217,1,4,1,36,2
2025-01-03 02:32:48.498217,2,4,1,41,2
2025-01-03 03:32:48.498217,3,4,1,41,2
2025-01-03 04:32:48.498217,4,4,1,38,2
2025-01-03 05:32:48.498217,5,4,1,40,2
2025-01-03 06:32:48.498217,6,4,1,186,2
2025-01-03 07:32:48.498217,7,4,1,147,2
2025-01-03 08:32:48.498217,8,4,1,532,2
2025-01-03 09:32:48.498217,9,4,1,466,2
2025-01-03 10:32:48.498217,10,4,1,166,2
2025-01-03 11:32:48.498217,11,4,1,187,2
2025-01-03 12:32:48.498217,12,4,1,206,2
2025-01-03 13:32:48.498217,13,4,1,200,2
2025-01-03 14:32:48.498217,14,4,1,175,2
2025-01-03 15:32:48.498217,15,4,1,207,2
2025-01-03 16:32:48.498217,16,4,1,171,2
2025-01-03 17:32:48.498217,17,4,1,530,2
2025-01-03 18:32:48.498217,18,4,1,481,2
2025-01-03 19:32:48.498217,19,4,1,199,2
2025-01-03 20:32:48.498217,20,4,1,166,2
2025-01-03 21:32:48.498217,21,4,1,173,2
2025-01-03 22:32:48.498217,22,4,1,206,2
2025-01-03 23:32:48.498217,23,4,1,161,2
2025-01-04 00:32:48.498217,0,5,1,26,2
2025-01-04 01:32:48.498217,1,5,1,25,2
2025-01-04 02:32:48.498217,2,5,1,29,2
2025-01-04 03:32:48.498217,3,5,1,27,2
2025-01-04 04:32:48.498217,4,5,1,27,2
2025-01-04 05:32:48.498217,5,5,1,21,2
2025-01-04 06:32:48.498217,6,5,1,115,2
2025-01-04 07:32:48.498217,7,5,1,110,2
2025-01-04 08:32:48.498217,8,5,1,110,2
2025-01-04 09:32:48.498217,9,5,1,153,2
2025-01-04 10:32:48.498217,10,5,1,123,2
2025-01-04 11:32:48.498217,11,5,1,297,2
2025-01-04 12:32:48.498217,12,5,1,252,2
2025-01-04 13:32:48.498217,13,5,1,264,2
2025-01-04 14:32:48.498217,14,5,1,316,2
2025-01-04 15:32:48.498217,15,5,1,225,2
2025-01-04 16:32:48.498217,16,5,1,322,2
2025-01-04 17:32:48.498217,17,5,1,109,2
2025-01-04 18:32:48.498217,18,5,1,158,2
2025-01-04 19:32:48.498217,19,5,1,126,2
2025-01-04 20:32:48.498217,20,5,1,113,2
2025-01-04 21:32:48.498217,21,5,1,141,2
2025-01-04 22:32:48.498217,22,5,1,126,2
2025-01-04 23:32:48.498217,23,5,1,149,2
2025-01-05 00:32:48.498217,0,6,1,25,2
2025-01-05 01:32:48.498217,1,6,1,27,2
2025-01-05 02:32:48.498217,2,6,1,24,2
2025-01-05 03:32:48.498217,3,6,1,31,2
2025-01-05 04:32:48.498217,4,6,1,25,2
2025-01-05 05:32:48.498217,5,6,1,28,2
2025-01-05 06:32:48.498217,6,6,1,146,2
2025-01-05 07:32:48.498217,7,6,1,129,2
2025-01-05 08:32:48.498217,8,6,1,144,2
2025-01-05 09:32:48.498217,9,6,1,144,2
2025-01-05 10:32:48.498217,10,6,1,142,2
2025-01-05 11:32:48.498217,11,6,1,261,2
2025-01-05 12:32:48.498217,12,6,1,232,2
2025-01-05 13:32:48.498217,13,6,1,263,2
2025-01-05 14:32:48.498217,14,6,1,306,2
2025-01-05 15:32:48.498217,15,6,1,216,2
2025-01-05 16:32:48.498217,16,6,1,286,2
2025-01-05 17:32:48.498217,17,6,1,145,2
2025-01-05 18:32:48.498217,18,6,1,160,2
2025-01-05 19:32:48.498217,19,6,1,130,2
2025-01-05 20:32:48.498217,20,6,1,113,2
2025-01-05 21:32:48.498217,21,6,1,157,2
2025-01-05 22:32:48.498217,22,6,1,147,2
2025-01-05 23:32:48.498217,23,6,1,127,2
2025-01-06 00:32:48.498217,0,0,1,36,2
2025-01-06 01:32:48.498217,1,0,1,40,2
2025-01-06 02:32:48.498217,2,0,1,40,2
2025-01-06 03:32:48.498217,3,0,1,32,2
2025-01-06 04:32:48.498217,4,0,1,31,2
2025-01-06 05:32:48.498217,5,0,1,37,2
2025-01-06 06:32:48.498217,6,0,1,146,2
2025-01-06 07:32:48.498217,7,0,1,193,2
2025-01-06 08:32:48.498217,8,0,1,397,2
2025-01-06 09:32:48.498217,9,0,1,428,2
2025-01-06 10:32:48.498217,10,0,1,165,2
2025-01-06 11:32:48.498217,11,0,1,162,2
2025-01-06 12:32:48.498217,12,0,1,147,2
2025-01-06 13:32:48.498217,13,0,1,173,2
2025-01-06 14:32:48.498217,14,0,1,204,2
2025-01-06 15:32:48.498217,15,0,1,172,2
2025-01-06 16:32:48.498217,16,0,1,189,2
2025-01-06 17:32:48.498217,17,0,1,420,2
2025-01-06 18:32:48.498217,18,0,1,433,2
2025-01-06 19:32:48.498217,19,0,1,174,2
2025-01-06 20:32:48.498217,20,0,1,196,2
2025-01-06 21:32:48.498217,21,0,1,199,2
2025-01-06 22:32:48.498217,22,0,1,212,2
2025-01-06 23:32:48.498217,23,0,1,202,2
2025-01-07 00:32:48.498217,0,1,1,30,2
2025-01-07 01:32:48.498217,1,1,1,40,2
2025-01-07 02:32:48.498217,2,1,1,36,2
2025-01-07 03:32:48.498217,3,1,1,40,2
2025-01-07 04:32:48.498217,4,1,1,32,2
2025-01-07 05:32:48.498217,5,1,1,34,2
2025-01-07 06:32:48.498217,6,1,1,161,2
2025-01-07 07:32:48.498217,7,1,1,163,2
2025-01-07 08:32:48.498217,8,1,1,472,2
2025-01-07 09:32:48.498217,9,1,1,431,2
2025-01-07 10:32:48.498217,10,1,1,147,2
2025-01-07 11:32:48.498217,11,1,1,175,2
2025-01-07 12:32:48.498217,12,1,1,200,2
2025-01-07 13:32:48.498217,13,1,1,200,2
2025-01-07 14:32:48.498217,14,1,1,170,2
2025-01-07 15:32:48.498217,15,1,1,186,2
2025-01-07 16:32:48.498217,16,1,1,189,2
2025-01-07 17:32:48.498217,17,1,1,450,2
2025-01-07 18:32:48.498217,18,1,1,449,2
2025-01-07 19:32:48.498217,19,1,1,186,2
2025-01-07 20:32:48.498217,20,1,1,202,2
2025-01-07 21:32:48.498217,21,1,1,154,2
2025-01-07 22:32:48.498217,22,1,1,169,2
2025-01-07 23:32:48.498217,23,1,1,212,2
2025-01-08 00:32:48.498217,0,2,1,41,2
2025-01-08 01:32:48.498217,1,2,1,41,2
2025-01-08 02:32:48.498217,2,2,1,29,2
2025-01-08 03:32:48.498217,3,2,1,41,2
2025-01-08 04:32:48.498217,4,2,1,37,2
2025-01-08 05:32:48.498217,5,2,1,36,2
2025-01-08 06:32:48.498217,6,2,1,170,2
2025-01-08 07:32:48.498217,7,2,1,158,2
2025-01-08 08:32:48.498217,8,2,1,487,2
2025-01-08 09:32:48.498217,9,2,1,452,2
2025-01-08 10:32:48.498217,10,2,1,160,2
2025-01-08 11:32:48.498217,11,2,1,151,2
2025-01-08 12:32:48.498217,12,2,1,171,2
2025-01-08 13:32:48.498217,13,2,1,164,2
2025-01-08 14:32:48.498217,14,2,1,165,2
2025-01-08 15:32:48.498217,15,2,1,180,2
2025-01-08 16:32:48.498217,16,2,1,177,2
2025-01-08 17:32:48.498217,17,2,1,364,2
2025-01-08 18:32:48.498217,18,2,1,414,2
2025-01-08 19:32:48.498217,19,2,1,156,2
2025-01-08 20:32:48.498217,20,2,1,178,2
2025-01-08 21:32:48.498217,21,2,1,150,2
2025-01-08 22:32:48.498217,22,2,1,179,2
2025-01-08 23:32:48.498217,23,2,1,149,2
2025-01-09 00:32:48.498217,0,3,1,36,2
2025-01-09 01:32:48.498217,1,3,1,34,2
2025-01-09 02:32:48.498217,2,3,1,32,2
2025-01-09 03:32:48.498217,3,3,1,40,2
2025-01-09 04:32:48.498217,4,3,1,36,2
2025-01-09 05:32:48.498217,5,3,1,40,2
2025-01-09 06:32:48.498217,6,3,1,171,2
2025-01-09 07:32:48.498217,7,3,1,154,2
2025-01-09 08:32:48.498217,8,3,1,456,2
2025-01-09 09:32:48.498217,9,3,1,433,2
2025-01-09 10:32:48.498217,10,3,1,163,2
2025-01-09 11:32:48.498217,11,3,1,206,2
2025-01-09 12:32:48.498217,12,3,1,193,2
2025-01-09 13:32:48.498217,13,3,1,174,2
2025-01-09 14:32:48.498217,14,3,1,144,2
2025-01-09 15:32:48.498217,15,3,1,184,2
2025-01-09 16:32:48.498217,16,3,1,191,2
2025-01-09 17:32:48.498217,17,3,1,410,2
2025-01-09 18:32:48.498217,18,3,1,433,2
2025-01-09 19:32:48.498217,19,3,1,158,2
2025-01-09 20:32:48.498217,20,3,1,206,2
2025-01-09 21:32:48.498217,21,3,1,173,2
2025-01-09 22:32:48.498217,22,3,1,214,2
2025-01-09 23:32:48.498217,23,3,1,145,2
2025-01-10 00:32:48.498217,0,4,1,29,2
2025-01-10 01:32:48.498217,1,4,1,29,2
2025-01-10 02:32:48.498217,2,4,1,38,2
2025-01-10 03:32:48.498217,3,4,1,30,2
2025-01-10 04:32:48.498217,4,4,1,37,2
2025-01-10 05:32:48.498217,5,4,1,34,2
2025-01-10 06:32:48.498217,6,4,1,145,2
2025-01-10 07:32:48.498217,7,4,1,152,2
2025-01-10 08:32:48.498217,8,4,1,474,2
2025-01-10 09:32:48.498217,9,4,1,497,2
2025-01-10 10:32:48.498217,10,4,1,165,2
2025-01-10 11:32:48.498217,11,4,1,193,2
2025-01-10 12:32:48.498217,12,4,1,194,2
2025-01-10 13:32:48.498217,13,4,1,168,2
2025-01-10 14:32:48.498217,14,4,1,155,2
2025-01-10 15:32:48.498217,15,4,1,200,2
2025-01-10 16:32:48.498217,16,4,1,159,2
2025-01-10 17:32:48.498217,17,4,1,454,2
2025-01-10 18:32:48.498217,18,4,1,486,2
2025-01-10 19:32:48.498217,19,4,1,197,2
2025-01-10 20:32:48.498217,20,4,1,159,2
2025-01-10 21:32:48.498217,21,4,1,180,2
2025-01-10 22:32:48.498217,22,4,1,159,2
2025-01-10 23:32:48.498217,23,4,1,202,2
2025-01-11 00:32:48.498217,0,5,1,29,2
2025-01-11 01:32:48.498217,1,5,1,26,2
2025-01-11 02:32:48.498217,2,5,1,21,2
2025-01-11 03:32:48.498217,3,5,1,31,2
2025-01-11 04:32:48.498217,4,5,1,21,2
2025-01-11 05:32:48.498217,5,5,1,24,2
2025-01-11 06:32:48.498217,6,5,1,141,2
2025-01-11 07:32:48.498217,7,5,1,150,2
2025-01-11 08:32:48.498217,8,5,1,110,2
2025-01-11 09:32:48.498217,9,5,1,147,2
2025-01-11 10:32:48.498217,10,5,1,124,2
2025-01-11 11:32:48.498217,11,5,1,321,2
2025-01-11 12:32:48.498217,12,5,1,247,2
2025-01-11 13:32:48.498217,13,5,1,274,2
2025-01-11 14:32:48.498217,14,5,1,256,2
2025-01-11 15:32:48.498217,15,5,1,262,2
2025-01-11 16:32:48.498217,16,5,1,289,2
2025-01-11 17:32:48.498217,17,5,1,132,2
2025-01-11 18:32:48.498217,18,5,1,118,2
2025-01-11 19:32:48.498217,19,5,1,151,2
2025-01-11 20:32:48.498217,20,5,1,138,2
2025-01-11 21:32:48.498217,21,5,1,117,2
2025-01-11 22:32:48.498217,22,5,1,160,2
2025-01-11 23:32:48.498217,23,5,1,127,2
2025-01-12 00:32:48.498217,0,6,1,28,2
2025-01-12 01:32:48.498217,1,6,1,24,2
2025-01-12 02:32:48.498217,2,6,1,25,2
2025-01-12 03:32:48.498217,3,6,1,22,2
2025-01-12 04:32:48.498217,4,6,1,31,2
2025-01-12 05:32:48.498217,5,6,1,23,2
2025-01-12 06:32:48.498217,6,6,1,115,2
2025-01-12 07:32:48.498217,7,6,1,152,2
2025-01-12 08:32:48.498217,8,6,1,124,2
2025-01-12 09:32:48.498217,9,6,1,146,2
2025-01-12 10:32:48.498217,10,6,1,126,2
2025-01-12 11:32:48.498217,11,6,1,301,2
2025-01-12 12:32:48.498217,12,6,1,288,2
2025-01-12 13:32:48.498217,13,6,1,242,2
2025-01-12 14:32:48.498217,14,6,1,306,2
2025-01-12 15:32:48.498217,15,6,1,231,2
2025-01-12 16:32:48.498217,16,6,1,302,2
2025-01-12 17:32:48.498217,17,6,1,131,2
2025-01-12 18:32:48.498217,18,6,1,112,2
2025-01-12 19:32:48.498217,19,6,1,110,2
2025-01-12 20:32:48.498217,20,6,1,126,2
2025-01-12 21:32:48.498217,21,6,1,115,2
2025-01-12 22:32:48.498217,22,6,1,147,2
2025-01-12 23:32:48.498217,23,6,1,135,2
2025-01-13 00:32:48.498217,0,0,1,32,2
2025-01-13 01:32:48.498217,1,0,1,29,2
2025-01-13 02:32:48.498217,2,0,1,36,2
2025-01-13 03:32:48.498217,3,0,1,42,2
2025-01-13 04:32:48.498217,4,0,1,36,2
2025-01-13 05:32:48.498217,5,0,1,41,2
2025-01-13 06:32:48.498217,6,0,1,199,2
2025-01-13 07:32:48.498217,7,0,1,198,2
2025-01-13 08:32:48.498217,8,0,1,513,2
2025-01-13 09:32:48.498217,9,0,1,463,2
2025-01-13 10:32:48.498217,10,0,1,180,2
2025-01-13 11:32:48.498217,11,0,1,159,2
2025-01-13 12:32:48.498217,12,0,1,165,2
2025-01-13 13:32:48.498217,13,0,1,202,2
2025-01-13 14:32:48.498217,14,0,1,163,2
2025-01-13 15:32:48.498217,15,0,1,150,2
2025-01-13 16:32:48.498217,16,0,1,155,2
2025-01-13 17:32:48.498217,17,0,1,525,2
2025-01-13 18:32:48.498217,18,0,1,410,2
2025-01-13 19:32:48.498217,19,0,1,156,2
2025-01-13 20:32:48.498217,20,0,1,144,2
2025-01-13 21:32:48.498217,21,0,1,168,2
2025-01-13 22:32:48.498217,22,0,1,166,2
2025-01-13 23:32:48.498217,23,0,1,198,2
2025-01-14 00:32:48.498217,0,1,1,39,2
2025-01-14 01:32:48.498217,1,1,1,32,2
2025-01-14 02:32:48.498217,2,1,1,33,2
2025-01-14 03:32:48.498217,3,1,1,35,2
2025-01-14 04:32:48.498217,4,1,1,33,2
2025-01-14 05:32:48.498217,5,1,1,35,2
2025-01-14 06:32:48.498217,6,1,1,195,2
2025-01-14 07:32:48.498217,7,1,1,158,2
2025-01-14 08:32:48.498217,8,1,1,365,2
2025-01-14 09:32:48.498217,9,1,1,471,2
2025-01-14 10:32:48.498217,10,1,1,209,2
2025-01-14 11:32:48.498217,11,1,1,179,2
2025-01-14 12:32:48.498217,12,1,1,155,2
2025-01-14 13:32:48.498217,13,1,1,184,2
2025-01-14 14:32:48.498217,14,1,1,154,2
2025-01-14 15:32:48.498217,15,1,1,208,2
2025-01-14 16:32:48.498217,16,1,1,177,2
2025-01-14 17:32:48.498217,17,1,1,390,2
2025-01-14 18:32:48.498217,18,1,1,361,2
2025-01-14 19:32:48.498217,19,1,1,194,2
2025-01-14 20:32:48.498217,20,1,1,168,2
2025-01-14 21:32:48.498217,21,1,1,164,2
2025-01-14 22:32:48.498217,22,1,1,198,2
2025-01-14 23:32:48.498217,23,1,1,197,2
2025-01-15 00:32:48.498217,0,2,1,28,2
2025-01-15 01:32:48.498217,1,2,1,41,2
2025-01-15 02:32:48.498217,2,2,1,28,2
2025-01-15 03:32:48.498217,3,2,1,39,2
2025-01-15 04:32:48.498217,4,2,1,38,2
2025-01-15 05:32:48.498217,5,2,1,29,2
2025-01-15 06:32:48.498217,6,2,1,187,2
2025-01-15 07:32:48.498217,7,2,1,189,2
2025-01-15 08:32:48.498217,8,2,1,525,2
2025-01-15 09:32:48.498217,9,2,1,385,2
2025-01-15 10:32:48.498217,10,2,1,176,2
2025-01-15 11:32:48.498217,11,2,1,148,2
2025-01-15 12:32:48.498217,12,2,1,187,2
2025-01-15 13:32:48.498217,13,2,1,162,2
2025-01-15 14:32:48.498217,14,2,1,153,2
2025-01-15 15:32:48.498217,15,2,1,153,2
2025-01-15 16:32:48.498217,16,2,1,185,2
2025-01-15 17:32:48.498217,17,2,1,369,2
2025-01-15 18:32:48.498217,18,2,1,513,2
2025-01-15 19:32:48.498217,19,2,1,214,2
2025-01-15 20:32:48.498217,20,2,1,169,2
2025-01-15 21:32:48.498217,21,2,1,146,2
2025-01-15 22:32:48.498217,22,2,1,184,2
2025-01-15 23:32:48.498217,23,2,1,180,2
2025-01-16 00:32:48.498217,0,3,1,29,2
2025-01-16 01:32:48.498217,1,3,1,35,2
2025-01-16 02:32:48.498217,2,3,1,36,2
2025-01-16 03:32:48.498217,3,3,1,34,2
2025-01-16 04:32:48.498217,4,3,1,34,2
2025-01-16 05:32:48.498217,5,3,1,35,2
2025-01-16 06:32:48.498217,6,3,1,207,2
2025-01-16 07:32:48.498217,7,3,1,144,2
2025-01-16 08:32:48.498217,8,3,1,405,2
2025-01-16 09:32:48.498217,9,3,1,433,2
2025-01-16 10:32:48.498217,10,3,1,207,2
2025-01-16 11:32:48.498217,11,3,1,206,2
2025-01-16 12:32:48.498217,12,3,1,170,2
2025-01-16 13:32:48.498217,13,3,1,160,2
2025-01-16 14:32:48.498217,14,3,1,208,2
2025-01-16 15:32:48.498217,15,3,1,166,2
2025-01-16 16:32:48.498217,16,3,1,213,2
2025-01-16 17:32:48.498217,17,3,1,366,2
2025-01-16 18:32:48.498217,18,3,1,361,2
2025-01-16 19:32:48.498217,19,3,1,153,2
2025-01-16 20:32:48.498217,20,3,1,199,2
2025-01-16 21:32:48.498217,21,3,1,181,2
2025-01-16 22:32:48.498217,22,3,1,213,2
2025-01-16 23:32:48.498217,23,3,1,182,2
2025-01-17 00:32:48.498217,0,4,1,29,2
2025-01-17 01:32:48.498217,1,4,1,35,2
2025-01-17 02:32:48.498217,2,4,1,35,2
2025-01-17 03:32:48.498217,3,4,1,35,2
2025-01-17 04:32:48.498217,4,4,1,38,2
2025-01-17 05:32:48.498217,5,4,1,36,2
2025-01-17 06:32:48.498217,6,4,1,178,2
2025-01-17 07:32:48.498217,7,4,1,150,2
2025-01-17 08:32:48.498217,8,4,1,431,2
2025-01-17 09:32:48.498217,9,4,1,423,2
2025-01-17 10:32:48.498217,10,4,1,159,2
2025-01-17 11:32:48.498217,11,4,1,169,2
2025-01-17 12:32:48.498217,12,4,1,157,2
2025-01-17 13:32:48.498217,13,4,1,164,2
2025-01-17 14:32:48.498217,14,4,1,181,2
2025-01-17 15:32:48.498217,15,4,1,182,2
2025-01-17 16:32:48.498217,16,4,1,162,2
2025-01-17 17:32:48.498217,17,4,1,380,2
2025-01-17 18:32:48.498217,18,4,1,366,2
2025-01-17 19:32:48.498217,19,4,1,144,2
2025-01-17 20:32:48.498217,20,4,1,152,2
2025-01-17 21:32:48.498217,21,4,1,169,2
2025-01-17 22:32:48.498217,22,4,1,173,2
2025-01-17 23:32:48.498217,23,4,1,162,2
2025-01-18 00:32:48.498217,0,5,1,24,2
2025-01-18 01:32:48.498217,1,5,1,27,2
2025-01-18 02:32:48.498217,2,5,1,21,2
2025-01-18 03:32:48.498217,3,5,1,26,2
2025-01-18 04:32:48.498217,4,5,1,28,2
2025-01-18 05:32:48.498217,5,5,1,28,2
2025-01-18 06:32:48.498217,6,5,1,119,2
2025-01-18 07:32:48.498217,7,5,1,133,2
2025-01-18 08:32:48.498217,8,5,1,125,2
2025-01-18 09:32:48.498217,9,5,1,153,2
2025-01-18 10:32:48.498217,10,5,1,144,2
2025-01-18 11:32:48.498217,11,5,1,284,2
2025-01-18 12:32:48.498217,12,5,1,229,2
2025-01-18 13:32:48.498217,13,5,1,259,2
2025-01-18 14:32:48.498217,14,5,1,283,2
2025-01-18 15:32:48.498217,15,5,1,240,2
2025-01-18 16:32:48.498217,16,5,1,306,2
2025-01-18 17:32:48.498217,17,5,1,117,2
2025-01-18 18:32:48.498217,18,5,1,147,2
2025-01-18 19:32:48.498217,19,5,1,136,2
2025-01-18 20:32:48.498217,20,5,1,154,2
2025-01-18 21:32:48.498217,21,5,1,146,2
2025-01-18 22:32:48.498217,22,5,1,144,2
2025-01-18 23:32:48.498217,23,5,1,119,2
2025-01-19 00:32:48.498217,0,6,1,30,2
2025-01-19 01:32:48.498217,1,6,1,31,2
2025-01-19 02:32:48.498217,2,6,1,25,2
2025-01-19 03:32:48.498217,3,6,1,23,2
2025-01-19 04:32:48.498217,4,6,1,21,2
2025-01-19 05:32:48.498217,5,6,1,26,2
2025-01-19 06:32:48.498217,6,6,1,144,2
2025-01-19 07:32:48.498217,7,6,1,117,2
2025-01-19 08:32:48.498217,8,6,1,127,2
2025-01-19 09:32:48.498217,9,6,1,127,2
2025-01-19 10:32:48.498217,10,6,1,146,2
2025-01-19 11:32:48.498217,11,6,1,267,2
2025-01-19 12:32:48.498217,12,6,1,224,2
2025-01-19 13:32:48.498217,13,6,1,297,2
2025-01-19 14:32:48.498217,14,6,1,299,2
2025-01-19 15:32:48.498217,15,6,1,323,2
2025-01-19 16:32:48.498217,16,6,1,287,2
2025-01-19 17:32:48.498217,17,6,1,108,2
2025-01-19 18:32:48.498217,18,6,1,136,2
2025-01-19 19:32:48.498217,19,6,1,154,2
2025-01-19 20:32:48.498217,20,6,1,117,2
2025-01-19 21:32:48.498217,21,6,1,127,2
2025-01-19 22:32:48.498217,22,6,1,152,2
2025-01-19 23:32:48.498217,23,6,1,116,2
2025-01-20 00:32:48.498217,0,0,1,36,2
2025-01-20 01:32:48.498217,1,0,1,33,2
2025-01-20 02:32:48.498217,2,0,1,35,2
2025-01-20 03:32:48.498217,3,0,1,40,2
2025-01-20 04:32:48.498217,4,0,1,32,2
2025-01-20 05:32:48.498217,5,0,1,39,2
2025-01-20 06:32:48.498217,6,0,1,152,2
2025-01-20 07:32:48.498217,7,0,1,213,2
2025-01-20 08:32:48.498217,8,0,1,499,2
2025-01-20 09:32:48.498217,9,0,1,388,2
2025-01-20 10:32:48.498217,10,0,1,195,2
2025-01-20 11:32:48.498217,11,0,1,174,2
2025-01-20 12:32:48.498217,12,0,1,201,2
2025-01-20 13:32:48.498217,13,0,1,159,2
2025-01-20 14:32:48.498217,14,0,1,187,2
2025-01-20 15:32:48.498217,15,0,1,171,2
2025-01-20 16:32:48.498217,16,0,1,172,2
2025-01-20 17:32:48.498217,17,0,1,530,2
2025-01-20 18:32:48.498217,18,0,1,483,2
2025-01-20 19:32:48.498217,19,0,1,210,2
2025-01-20 20:32:48.498217,20,0,1,210,2
2025-01-20 21:32:48.498217,21,0,1,206,2
2025-01-20 22:32:48.498217,22,0,1,178,2
2025-01-20 23:32:48.498217,23,0,1,153,2
2025-01-21 00:32:48.498217,0,1,1,36,2
2025-01-21 01:32:48.498217,1,1,1,38,2
2025-01-21 02:32:48.498217,2,1,1,34,2
2025-01-21 03:32:48.498217,3,1,1,38,2
2025-01-21 04:32:48.498217,4,1,1,42,2
2025-01-21 05:32:48.498217,5,1,1,41,2
2025-01-21 06:32:48.498217,6,1,1,204,2
2025-01-21 07:32:48.498217,7,1,1,180,2
2025-01-21 08:32:48.498217,8,1,1,398,2
2025-01-21 09:32:48.498217,9,1,1,368,2
2025-01-21 10:32:48.498217,10,1,1,197,2
2025-01-21 11:32:48.498217,11,1,1,171,2
2025-01-21 12:32:48.498217,12,1,1,191,2
2025-01-21 13:32:48.498217,13,1,1,187,2
2025-01-21 14:32:48.498217,14,1,1,157,2
2025-01-21 15:32:48.498217,15,1,1,180,2
2025-01-21 16:32:48.498217,16,1,1,210,2
2025-01-21 17:32:48.498217,17,1,1,527,2
2025-01-21 18:32:48.498217,18,1,1,401,2
2025-01-21 19:32:48.498217,19,1,1,202,2
2025-01-21 20:32:48.498217,20,1,1,153,2
2025-01-21 21:32:48.498217,21,1,1,153,2
2025-01-21 22:32:48.498217,22,1,1,200,2
2025-01-21 23:32:48.498217,23,1,1,207,2
2025-01-22 00:32:48.498217,0,2,1,34,2
2025-01-22 01:32:48.498217,1,2,1,35,2
2025-01-22 02:32:48.498217,2,2,1,41,2
2025-01-22 03:32:48.498217,3,2,1,38,2
2025-01-22 04:32:48.498217,4,2,1,38,2
2025-01-22 05:32:48.498217,5,2,1,37,2
2025-01-22 06:32:48.498217,6,2,1,207,2
2025-01-22 07:32:48.498217,7,2,1,208,2
2025-01-22 08:32:48.498217,8,2,1,495,2
2025-01-22 09:32:48.498217,9,2,1,393,2
2025-01-22 10:32:48.498217,10,2,1,211,2
2025-01-22 11:32:48.498217,11,2,1,213,2
2025-01-22 12:32:48.498217,12,2,1,192,2
2025-01-22 13:32:48.498217,13,2,1,189,2
2025-01-22 14:32:48.498217,14,2,1,203,2
2025-01-22 15:32:48.498217,15,2,1,144,2
2025-01-22 16:32:48.498217,16,2,1,163,2
2025-01-22 17:32:48.498217,17,2,1,433,2
2025-01-22 18:32:48.498217,18,2,1,413,2
2025-01-22 19:32:48.498217,19,2,1,206,2
2025-01-22 20:32:48.498217,20,2,1,196,2
2025-01-22 21:32:48.498217,21,2,1,214,2
2025-01-22 22:32:48.498217,22,2,1,145,2
2025-01-22 23:32:48.498217,23,2,1,162,2
2025-01-23 00:32:48.498217,0,3,1,33,2
2025-01-23 01:32:48.498217,1,3,1,40,2
2025-01-23 02:32:48.498217,2,3,1,28,2
2025-01-23 03:32:48.498217,3,3,1,35,2
2025-01-23 04:32:48.498217,4,3,1,38,2
2025-01-23 05:32:48.498217,5,3,1,34,2
2025-01-23 06:32:48.498217,6,3,1,165,2
2025-01-23 07:32:48.498217,7,3,1,173,2
2025-01-23 08:32:48.498217,8,3,1,403,2
2025-01-23 09:32:48.498217,9,3,1,461,2
2025-01-23 10:32:48.498217,10,3,1,148,2
2025-01-23 11:32:48.498217,11,3,1,157,2
2025-01-23 12:32:48.498217,12,3,1,150,2
2025-01-23 13:32:48.498217,13,3,1,204,2
2025-01-23 14:32:48.498217,14,3,1,180,2
2025-01-23 15:32:48.498217,15,3,1,147,2
2025-01-23 16:32:48.498217,16,3,1,198,2
2025-01-23 17:32:48.498217,17,3,1,531,2
2025-01-23 18:32:48.498217,18,3,1,484,2
2025-01-23 19:32:48.498217,19,3,1,203,2
2025-01-23 20:32:48.498217,20,3,1,189,2
2025-01-23 21:32:48.498217,21,3,1,186,2
2025-01-23 22:32:48.498217,22,3,1,165,2
2025-01-23 23:32:48.498217,23,3,1,144,2
2025-01-24 00:32:48.498217,0,4,1,42,2
2025-01-24 01:32:48.498217,1,4,1,42,2
2025-01-24 02:32:48.498217,2,4,1,29,2
2025-01-24 03:32:48.498217,3,4,1,38,2
2025-01-24 04:32:48.498217,4,4,1,32,2
2025-01-24 05:32:48.498217,5,4,1,42,2
2025-01-24 06:32:48.498217,6,4,1,155,2
2025-01-24 07:32:48.498217,7,4,1,178,2
2025-01-24 08:32:48.498217,8,4,1,537,2
2025-01-24 09:32:48.498217,9,4,1,538,2
2025-01-24 10:32:48.498217,10,4,1,168,2
2025-01-24 11:32:48.498217,11,4,1,189,2
2025-01-24 12:32:48.498217,12,4,1,199,2
2025-01-24 13:32:48.498217,13,4,1,178,2
2025-01-24 14:32:48.498217,14,4,1,185,2
2025-01-24 15:32:48.498217,15,4,1,178,2
2025-01-24 16:32:48.498217,16,4,1,148,2
2025-01-24 17:32:48.498217,17,4,1,503,2
2025-01-24 18:32:48.498217,18,4,1,459,2
2025-01-24 19:32:48.498217,19,4,1,180,2
2025-01-24 20:32:48.498217,20,4,1,172,2
2025-01-24 21:32:48.498217,21,4,1,199,2
2025-01-24 22:32:48.498217,22,4,1,192,2
2025-01-24 23:32:48.498217,23,4,1,200,2
2025-01-25 00:32:48.498217,0,5,1,21,2
2025-01-25 01:32:48.498217,1,5,1,29,2
2025-01-25 02:32:48.498217,2,5,1,22,2
2025-01-25 03:32:48.498217,3,5,1,25,2
2025-01-25 04:32:48.498217,4,5,1,27,2
2025-01-25 05:32:48.498217,5,5,1,28,2
2025-01-25 06:32:48.498217,6,5,1,161,2
2025-01-25 07:32:48.498217,7,5,1,155,2
2025-01-25 08:32:48.498217,8,5,1,152,2
2025-01-25 09:32:48.498217,9,5,1,152,2
2025-01-25 10:32:48.498217,10,5,1,108,2
2025-01-25 11:32:48.498217,11,5,1,235,2
2025-01-25 12:32:48.498217,12,5,1,236,2
2025-01-25 13:32:48.498217,13,5,1,301,2
2025-01-25 14:32:48.498217,14,5,1,265,2
2025-01-25 15:32:48.498217,15,5,1,272,2
2025-01-25 16:32:48.498217,16,5,1,253,2
2025-01-25 17:32:48.498217,17,5,1,115,2
2025-01-25 18:32:48.498217,18,5,1,115,2
2025-01-25 19:32:48.498217,19,5,1,108,2
2025-01-25 20:32:48.498217,20,5,1,149,2
2025-01-25 21:32:48.498217,21,5,1,139,2
2025-01-25 22:32:48.498217,22,5,1,144,2
2025-01-25 23:32:48.498217,23,5,1,118,2
2025-01-26 00:32:48.498217,0,6,1,21,2
2025-01-26 01:32:48.498217,1,6,1,22,2
2025-01-26 02:32:48.498217,2,6,1,25,2
2025-01-26 03:32:48.498217,3,6,1,24,2
2025-01-26 04:32:48.498217,4,6,1,21,2
2025-01-26 05:32:48.498217,5,6,1,24,2
2025-01-26 06:32:48.498217,6,6,1,156,2
2025-01-26 07:32:48.498217,7,6,1,111,2
2025-01-26 08:32:48.498217,8,6,1,135,2
2025-01-26 09:32:48.498217,9,6,1,151,2
2025-01-26 10:32:48.498217,10,6,1,125,2
2025-01-26 11:32:48.498217,11,6,1,217,2
2025-01-26 12:32:48.498217,12,6,1,247,2
2025-01-26 13:32:48.498217,13,6,1,305,2
2025-01-26 14:32:48.498217,14,6,1,314,2
2025-01-26 15:32:48.498217,15,6,1,315,2
2025-01-26 16:32:48.498217,16,6,1,258,2
2025-01-26 17:32:48.498217,17,6,1,140,2
2025-01-26 18:32:48.498217,18,6,1,123,2
2025-01-26 19:32:48.498217,19,6,1,149,2
2025-01-26 20:32:48.498217,20,6,1,109,2
2025-01-26 21:32:48.498217,21,6,1,114,2
2025-01-26 22:32:48.498217,22,6,1,160,2
2025-01-26 23:32:48.498217,23,6,1,126,2
2025-01-27 00:32:48.498217,0,0,1,35,2
2025-01-27 01:32:48.498217,1,0,1,30,2
2025-01-27 02:32:48.498217,2,0,1,36,2
2025-01-27 03:32:48.498217,3,0,1,28,2
2025-01-27 04:32:48.498217,4,0,1,36,2
2025-01-27 05:32:48.498217,5,0,1,36,2
2025-01-27 06:32:48.498217,6,0,1,192,2
2025-01-27 07:32:48.498217,7,0,1,158,2
2025-01-27 08:32:48.498217,8,0,1,387,2
2025-01-27 09:32:48.498217,9,0,1,366,2
2025-01-27 10:32:48.498217,10,0,1,207,2
2025-01-27 11:32:48.498217,11,0,1,180,2
2025-01-27 12:32:48.498217,12,0,1,196,2
2025-01-27 13:32:48.498217,13,0,1,163,2
2025-01-27 14:32:48.498217,14,0,1,179,2
2025-01-27 15:32:48.498217,15,0,1,192,2
2025-01-27 16:32:48.498217,16,0,1,205,2
2025-01-27 17:32:48.498217,17,0,1,509,2
2025-01-27 18:32:48.498217,18,0,1,419,2
2025-01-27 19:32:48.498217,19,0,1,195,2
2025-01-27 20:32:48.498217,20,0,1,153,2
2025-01-27 21:32:48.498217,21,0,1,171,2
2025-01-27 22:32:48.498217,22,0,1,188,2
2025-01-27 23:32:48.498217,23,0,1,163,2
2025-01-28 00:32:48.498217,0,1,1,28,2
2025-01-28 01:32:48.498217,1,1,1,41,2
2025-01-28 02:32:48.498217,2,1,1,36,2
2025-01-28 03:32:48.498217,3,1,1,28,2
2025-01-28 04:32:48.498217,4,1,1,36,2
2025-01-28 05:32:48.498217,5,1,1,35,2
2025-01-28 06:32:48.498217,6,1,1,159,2
2025-01-28 07:32:48.498217,7,1,1,213,2
2025-01-28 08:32:48.498217,8,1,1,387,2
2025-01-28 09:32:48.498217,9,1,1,390,2
2025-01-28 10:32:48.498217,10,1,1,180,2
2025-01-28 11:32:48.498217,11,1,1,187,2
2025-01-28 12:32:48.498217,12,1,1,206,2
2025-01-28 13:32:48.498217,13,1,1,173,2
2025-01-28 14:32:48.498217,14,1,1,194,2
2025-01-28 15:32:48.498217,15,1,1,181,2
2025-01-28 16:32:48.498217,16,1,1,200,2
2025-01-28 17:32:48.498217,17,1,1,414,2
2025-01-28 18:32:48.498217,18,1,1,514,2
2025-01-28 19:32:48.498217,19,1,1,146,2
2025-01-28 20:32:48.498217,20,1,1,190,2
2025-01-28 21:32:48.498217,21,1,1,174,2
2025-01-28 22:32:48.498217,22,1,1,188,2
2025-01-28 23:32:48.498217,23,1,1,157,2
2025-01-29 00:32:48.498217,0,2,1,35,2
2025-01-29 01:32:48.498217,1,2,1,38,2
2025-01-29 02:32:48.498217,2,2,1,42,2
2025-01-29 03:32:48.498217,3,2,1,36,2
2025-01-29 04:32:48.498217,4,2,1,34,2
2025-01-29 05:32:48.498217,5,2,1,42,2
2025-01-29 06:32:48.498217,6,2,1,189,2
2025-01-29 07:32:48.498217,7,2,1,159,2
2025-01-29 08:32:48.498217,8,2,1,472,2
2025-01-29 09:32:48.498217,9,2,1,415,2
2025-01-29 10:32:48.498217,10,2,1,215,2
2025-01-29 11:32:48.498217,11,2,1,197,2
2025-01-29 12:32:48.498217,12,2,1,154,2
2025-01-29 13:32:48.498217,13,2,1,194,2
2025-01-29 14:32:48.498217,14,2,1,179,2
2025-01-29 15:32:48.498217,15,2,1,157,2
2025-01-29 16:32:48.498217,16,2,1,170,2
2025-01-29 17:32:48.498217,17,2,1,483,2
2025-01-29 18:32:48.498217,18,2,1,523,2
2025-01-29 19:32:48.498217,19,2,1,150,2
2025-01-29 20:32:48.498217,20,2,1,202,2
2025-01-29 21:32:48.498217,21,2,1,193,2
2025-01-29 22:32:48.498217,22,2,1,198,2
2025-01-29 23:32:48.498217,23,2,1,183,2
2025-01-30 00:32:48.498217,0,3,1,38,2
2025-01-30 01:32:48.498217,1,3,1,42,2
2025-01-30 02:32:48.498217,2,3,1,37,2
2025-01-30 03:32:48.498217,3,3,1,31,2
2025-01-30 04:32:48.498217,4,3,1,39,2
2025-01-30 05:32:48.498217,5,3,1,29,2
2025-01-30 06:32:48.498217,6,3,1,181,2
2025-01-30 07:32:48.498217,7,3,1,178,2
2025-01-30 08:32:48.498217,8,3,1,376,2
2025-01-30 09:32:48.498217,9,3,1,441,2
2025-01-30 10:32:48.498217,10,3,1,187,2
2025-01-30 11:32:48.498217,11,3,1,194,2
2025-01-30 12:32:48.498217,12,3,1,193,2
2025-01-30 13:32:48.498217,13,3,1,189,2
2025-01-30 14:32:48.498217,14,3,1,183,2
2025-01-30 15:32:48.498217,15,3,1,169,2
2025-01-30 16:32:48.498217,16,3,1,199,2
2025-01-30 17:32:48.498217,17,3,1,491,2
2025-01-30 18:32:48.498217,18,3,1,426,2
2025-01-30 19:32:48.498217,19,3,1,189,2
2024-12-30 20:32:48.498217,20,0,12,235,3
2024-12-30 21:32:48.498217,21,0,12,173,3
2024-12-30 22:32:48.498217,22,0,12,221,3
2024-12-30 23:32:48.498217,23,0,12,212,3
2024-12-31 00:32:48.498217,0,1,12,32,3
2024-12-31 01:32:48.498217,1,1,12,39,3
2024-12-31 02:32:48.498217,2,1,12,41,3
2024-12-31 03:32:48.498217,3,1,12,40,3
2024-12-31 04:32:48.498217,4,1,12,43,3
2024-12-31 05:32:48.498217,5,1,12,46,3
2024-12-31 06:32:48.498217,6,1,12,197,3
2024-12-31 07:32:48.498217,7,1,12,178,3
2024-12-31 08:32:48.498217,8,1,12,548,3
2024-12-31 09:32:48.498217,9,1,12,489,3
2024-12-31 10:32:48.498217,10,1,12,185,3
2024-12-31 11:32:48.498217,11,1,12,212,3
2024-12-31 12:32:48.498217,12,1,12,225,3
2024-12-31 13:32:48.498217,13,1,12,239,3
2024-12-31 14:32:48.498217,14,1,12,171,3
2024-12-31 15:32:48.498217,15,1,12,211,3
2024-12-31 16:32:48.498217,16,1,12,205,3
2024-12-31 17:32:48.498217,17,1,12,493,3
2024-12-31 18:32:48.498217,18,1,12,449,3
2024-12-31 19:32:48.498217,19,1,12,214,3
2024-12-31 20:32:48.498217,20,1,12,167,3
2024-12-31 21:32:48.498217,21,1,12,169,3
2024-12-31 22:32:48.498217,22,1,12,197,3
2024-12-31 23:32:48.498217,23,1,12,226,3
2025-01-01 00:32:48.498217,0,2,1,42,3
2025-01-01 01:32:48.498217,1,2,1,42,3
2025-01-01 02:32:48.498217,2,2,1,40,3
2025-01-01 03:32:48.498217,3,2,1,46,3
2025-01-01 04:32:48.498217,4,2,1,45,3
2025-01-01 05:32:48.498217,5,2,1,33,3
2025-01-01 06:32:48.498217,6,2,1,177,3
2025-01-01 07:32:48.498217,7,2,1,230,3
2025-01-01 08:32:48.498217,8,2,1,497,3
2025-01-01 09:32:48.498217,9,2,1,576,3
2025-01-01 10:32:48.498217,10,2,1,208,3
2025-01-01 11:32:48.498217,11,2,1,182,3
2025-01-01 12:32:48.498217,12,2,1,235,3
2025-01-01 13:32:48.498217,13,2,1,224,3
2025-01-01 14:32:48.498217,14,2,1,187,3
2025-01-01 15:32:48.498217,15,2,1,195,3
2025-01-01 16:32:48.498217,16,2,1,215,3
2025-01-01 17:32:48.498217,17,2,1,460,3
2025-01-01 18:32:48.498217,18,2,1,464,3
2025-01-01 19:32:48.498217,19,2,1,161,3
2025-01-01 20:32:48.498217,20,2,1,167,3
2025-01-01 21:32:48.498217,21,2,1,209,3
2025-01-01 22:32:48.498217,22,2,1,184,3
2025-01-01 23:32:48.498217,23,2,1,237,3
2025-01-02 00:32:48.498217,0,3,1,44,3
2025-01-02 01:32:48.498217,1,3,1,45,3
2025-01-02 02:32:48.498217,2,3,1,42,3
2025-01-02 03:32:48.498217,3,3,1,46,3
2025-01-02 04:32:48.498217,4,3,1,41,3
2025-01-02 05:32:48.498217,5,3,1,47,3
2025-01-02 06:32:48.498217,6,3,1,215,3
2025-01-02 07:32:48.498217,7,3,1,176,3
2025-01-02 08:32:48.498217,8,3,1,538,3
2025-01-02 09:32:48.498217,9,3,1,419,3
2025-01-02 10:32:48.498217,10,3,1,220,3
2025-01-02 11:32:48.498217,11,3,1,194,3
2025-01-02 12:32:48.498217,12,3,1,232,3
2025-01-02 13:32:48.498217,13,3,1,222,3
2025-01-02 14:32:48.498217,14,3,1,208,3
2025-01-02 15:32:48.498217,15,3,1,197,3
2025-01-02 16:32:48.498217,16,3,1,194,3
2025-01-02 17:32:48.498217,17,3,1,483,3
2025-01-02 18:32:48.498217,18,3,1,452,3
2025-01-02 19:32:48.498217,19,3,1,227,3
2025-01-02 20:32:48.498217,20,3,1,175,3
2025-01-02 21:32:48.498217,21,3,1,193,3
2025-01-02 22:32:48.498217,22,3,1,217,3
2025-01-02 23:32:48.498217,23,3,1,161,3
2025-01-03 00:32:48.498217,0,4,1,35,3
2025-01-03 01:32:48.498217,1,4,1,41,3
2025-01-03 02:32:48.498217,2,4,1,46,3
2025-01-03 03:32:48.498217,3,4,1,46,3
2025-01-03 04:32:48.498217,4,4,1,43,3
2025-01-03 05:32:48.498217,5,4,1,45,3
2025-01-03 06:32:48.498217,6,4,1,207,3
2025-01-03 07:32:48.498217,7,4,1,164,3
2025-01-03 08:32:48.498217,8,4,1,592,3
2025-01-03 09:32:48.498217,9,4,1,518,3
2025-01-03 10:32:48.498217,10,4,1,185,3
2025-01-03 11:32:48.498217,11,4,1,208,3
2025-01-03 12:32:48.498217,12,4,1,229,3
2025-01-03 13:32:48.498217,13,4,1,223,3
2025-01-03 14:32:48.498217,14,4,1,195,3
2025-01-03 15:32:48.498217,15,4,1,230,3
2025-01-03 16:32:48.498217,16,4,1,190,3
2025-01-03 17:32:48.498217,17,4,1,589,3
2025-01-03 18:32:48.498217,18,4,1,535,3
2025-01-03 19:32:48.498217,19,4,1,222,3
2025-01-03 20:32:48.498217,20,4,1,185,3
2025-01-03 21:32:48.498217,21,4,1,193,3
2025-01-03 22:32:48.498217,22,4,1,229,3
2025-01-03 23:32:48.498217,23,4,1,179,3
2025-01-04 00:32:48.498217,0,5,1,29,3
2025-01-04 01:32:48.498217,1,5,1,28,3
2025-01-04 02:32:48.498217,2,5,1,33,3
2025-01-04 03:32:48.498217,3,5,1,30,3
2025-01-04 04:32:48.498217,4,5,1,30,3
2025-01-04 05:32:48.498217,5,5,1,24,3
2025-01-04 06:32:48.498217,6,5,1,128,3
2025-01-04 07:32:48.498217,7,5,1,123,3
2025-01-04 08:32:48.498217,8,5,1,123,3
2025-01-04 09:32:48.498217,9,5,1,171,3
2025-01-04 10:32:48.498217,10,5,1,137,3
2025-01-04 11:32:48.498217,11,5,1,330,3
2025-01-04 12:32:48.498217,12,5,1,280,3
2025-01-04 13:32:48.498217,13,5,1,294,3
2025-01-04 14:32:48.498217,14,5,1,352,3
2025-01-04 15:32:48.498217,15,5,1,250,3
2025-01-04 16:32:48.498217,16,5,1,358,3
2025-01-04 17:32:48.498217,17,5,1,122,3
2025-01-04 18:32:48.498217,18,5,1,176,3
2025-01-04 19:32:48.498217,19,5,1,141,3
2025-01-04 20:32:48.498217,20,5,1,126,3
2025-01-04 21:32:48.498217,21,5,1,157,3
2025-01-04 22:32:48.498217,22,5,1,141,3
2025-01-04 23:32:48.498217,23,5,1,166,3
2025-01-05 00:32:48.498217,0,6,1,28,3
2025-01-05 01:32:48.498217,1,6,1,30,3
2025-01-05 02:32:48.498217,2,6,1,27,3
2025-01-05 03:32:48.498217,3,6,1,35,3
2025-01-05 04:32:48.498217,4,6,1,28,3
2025-01-05 05:32:48.498217,5,6,1,32,3
2025-01-05 06:32:48.498217,6,6,1,163,3
2025-01-05 07:32:48.498217,7,6,1,144,3
2025-01-05 08:32:48.498217,8,6,1,160,3
2025-01-05 09:32:48.498217,9,6,1,161,3
2025-01-05 10:32:48.498217,10,6,1,158,3
2025-01-05 11:32:48.498217,11,6,1,291,3
2025-01-05 12:32:48.498217,12,6,1,258,3
2025-01-05 13:32:48.498217,13,6,1,293,3
2025-01-05 14:32:48.498217,14,6,1,340,3
2025-01-05 15:32:48.498217,15,6,1,240,3
2025-01-05 16:32:48.498217,16,6,1,318,3
2025-01-05 17:32:48.498217,17,6,1,162,3
2025-01-05 18:32:48.498217,18,6,1,178,3
2025-01-05 19:32:48.498217,19,6,1,145,3
2025-01-05 20:32:48.498217,20,6,1,126,3
2025-01-05 21:32:48.498217,21,6,1,175,3
2025-01-05 22:32:48.498217,22,6,1,164,3
2025-01-05 23:32:48.498217,23,6,1,142,3
2025-01-06 00:32:48.498217,0,0,1,40,3
2025-01-06 01:32:48.498217,1,0,1,45,3
2025-01-06 02:32:48.498217,2,0,1,45,3
2025-01-06 03:32:48.498217,3,0,1,36,3
2025-01-06 04:32:48.498217,4,0,1,35,3
2025-01-06 05:32:48.498217,5,0,1,42,3
2025-01-06 06:32:48.498217,6,0,1,163,3
2025-01-06 07:32:48.498217,7,0,1,215,3
2025-01-06 08:32:48.498217,8,0,1,442,3
2025-01-06 09:32:48.498217,9,0,1,476,3
2025-01-06 10:32:48.498217,10,0,1,184,3
2025-01-06 11:32:48.498217,11,0,1,180,3
2025-01-06 12:32:48.498217,12,0,1,164,3
2025-01-06 13:32:48.498217,13,0,1,193,3
2025-01-06 14:32:48.498217,14,0,1,227,3
2025-01-06 15:32:48.498217,15,0,1,192,3
2025-01-06 16:32:48.498217,16,0,1,211,3
2025-01-06 17:32:48.498217,17,0,1,467,3
2025-01-06 18:32:48.498217,18,0,1,482,3
2025-01-06 19:32:48.498217,19,0,1,194,3
2025-01-06 20:32:48.498217,20,0,1,218,3
2025-01-06 21:32:48.498217,21,0,1,222,3
2025-01-06 22:32:48.498217,22,0,1,236,3
2025-01-06 23:32:48.498217,23,0,1,225,3
2025-01-07 00:32:48.498217,0,1,1,34,3
2025-01-07 01:32:48.498217,1,1,1,45,3
2025-01-07 02:32:48.498217,2,1,1,41,3
2025-01-07 03:32:48.498217,3,1,1,45,3
2025-01-07 04:32:48.498217,4,1,1,36,3
2025-01-07 05:32:48.498217,5,1,1,38,3
2025-01-07 06:32:48.498217,6,1,1,179,3
2025-01-07 07:32:48.498217,7,1,1,182,3
2025-01-07 08:32:48.498217,8,1,1,525,3
2025-01-07 09:32:48.498217,9,1,1,479,3
2025-01-07 10:32:48.498217,10,1,1,164,3
2025-01-07 11:32:48.498217,11,1,1,195,3
2025-01-07 12:32:48.498217,12,1,1,223,3
2025-01-07 13:32:48.498217,13,1,1,223,3
2025-01-07 14:32:48.498217,14,1,1,189,3
2025-01-07 15:32:48.498217,15,1,1,207,3
2025-01-07 16:32:48.498217,16,1,1,211,3
2025-01-07 17:32:48.498217,17,1,1,500,3
2025-01-07 18:32:48.498217,18,1,1,499,3
2025-01-07 19:32:48.498217,19,1,1,207,3
2025-01-07 20:32:48.498217,20,1,1,225,3
2025-01-07 21:32:48.498217,21,1,1,172,3
2025-01-07 22:32:48.498217,22,1,1,188,3
2025-01-07 23:32:48.498217,23,1,1,236,3
2025-01-08 00:32:48.498217,0,2,1,46,3
2025-01-08 01:32:48.498217,1,2,1,46,3
2025-01-08 02:32:48.498217,2,2,1,33,3
2025-01-08 03:32:48.498217,3,2,1,46,3
2025-01-08 04:32:48.498217,4,2,1,42,3
2025-01-08 05:32:48.498217,5,2,1,40,3
2025-01-08 06:32:48.498217,6,2,1,189,3
2025-01-08 07:32:48.498217,7,2,1,176,3
2025-01-08 08:32:48.498217,8,2,1,542,3
2025-01-08 09:32:48.498217,9,2,1,503,3
2025-01-08 10:32:48.498217,10,2,1,178,3
2025-01-08 11:32:48.498217,11,2,1,168,3
2025-01-08 12:32:48.498217,12,2,1,190,3
2025-01-08 13:32:48.498217,13,2,1,183,3
2025-01-08 14:32:48.498217,14,2,1,184,3
2025-01-08 15:32:48.498217,15,2,1,200,3
2025-01-08 16:32:48.498217,16,2,1,197,3
2025-01-08 17:32:48.498217,17,2,1,405,3
2025-01-08 18:32:48.498217,18,2,1,460,3
2025-01-08 19:32:48.498217,19,2,1,174,3
2025-01-08 20:32:48.498217,20,2,1,198,3
2025-01-08 21:32:48.498217,21,2,1,167,3
2025-01-08 22:32:48.498217,22,2,1,199,3
2025-01-08 23:32:48.498217,23,2,1,166,3
2025-01-09 00:32:48.498217,0,3,1,41,3
2025-01-09 01:32:48.498217,1,3,1,38,3
2025-01-09 02:32:48.498217,2,3,1,36,3
2025-01-09 03:32:48.498217,3,3,1,45,3
2025-01-09 04:32:48.498217,4,3,1,40,3
2025-01-09 05:32:48.498217,5,3,1,45,3
2025-01-09 06:32:48.498217,6,3,1,191,3
2025-01-09 07:32:48.498217,7,3,1,172,3
2025-01-09 08:32:48.498217,8,3,1,507,3
2025-01-09 09:32:48.498217,9,3,1,482,3
2025-01-09 10:32:48.498217,10,3,1,182,3
2025-01-09 11:32:48.498217,11,3,1,229,3
2025-01-09 12:32:48.498217,12,3,1,215,3
2025-01-09 13:32:48.498217,13,3,1,194,3
2025-01-09 14:32:48.498217,14,3,1,161,3
2025-01-09 15:32:48.498217,15,3,1,205,3
2025-01-09 16:32:48.498217,16,3,1,213,3
2025-01-09 17:32:48.498217,17,3,1,456,3
2025-01-09 18:32:48.498217,18,3,1,482,3
2025-01-09 19:32:48.498217,19,3,1,176,3
2025-01-09 20:32:48.498217,20,3,1,229,3
2025-01-09 21:32:48.498217,21,3,1,193,3
2025-01-09 22:32:48.498217,22,3,1,238,3
2025-01-09 23:32:48.498217,23,3,1,162,3
2025-01-10 00:32:48.498217,0,4,1,33,3
2025-01-10 01:32:48.498217,1,4,1,33,3
2025-01-10 02:32:48.498217,2,4,1,43,3
2025-01-10 03:32:48.498217,3,4,1,34,3
2025-01-10 04:32:48.498217,4,4,1,42,3
2025-01-10 05:32:48.498217,5,4,1,38,3
2025-01-10 06:32:48.498217,6,4,1,162,3
2025-01-10 07:32:48.498217,7,4,1,169,3
2025-01-10 08:32:48.498217,8,4,1,527,3
2025-01-10 09:32:48.498217,9,4,1,553,3
2025-01-10 10:32:48.498217,10,4,1,184,3
2025-01-10 11:32:48.498217,11,4,1,215,3
2025-01-10 12:32:48.498217,12,4,1,216,3
2025-01-10 13:32:48.498217,13,4,1,187,3
2025-01-10 14:32:48.498217,14,4,1,173,3
2025-01-10 15:32:48.498217,15,4,1,223,3
2025-01-10 16:32:48.498217,16,4,1,177,3
2025-01-10 17:32:48.498217,17,4,1,505,3
2025-01-10 18:32:48.498217,18,4,1,540,3
2025-01-10 19:32:48.498217,19,4,1,219,3
2025-01-10 20:32:48.498217,20,4,1,177,3
2025-01-10 21:32:48.498217,21,4,1,200,3
2025-01-10 22:32:48.498217,22,4,1,177,3
2025-01-10 23:32:48.498217,23,4,1,225,3
2025-01-11 00:32:48.498217,0,5,1,33,3
2025-01-11 01:32:48.498217,1,5,1,29,3
2025-01-11 02:32:48.498217,2,5,1,24,3
2025-01-11 03:32:48.498217,3,5,1,35,3
2025-01-11 04:32:48.498217,4,5,1,24,3
2025-01-11 05:32:48.498217,5,5,1,27,3
2025-01-11 06:32:48.498217,6,5,1,157,3
2025-01-11 07:32:48.498217,7,5,1,167,3
2025-01-11 08:32:48.498217,8,5,1,123,3
2025-01-11 09:32:48.498217,9,5,1,164,3
2025-01-11 10:32:48.498217,10,5,1,138,3
2025-01-11 11:32:48.498217,11,5,1,357,3
2025-01-11 12:32:48.498217,12,5,1,275,3
2025-01-11 13:32:48.498217,13,5,1,305,3
2025-01-11 14:32:48.498217,14,5,1,285,3
2025-01-11 15:32:48.498217,15,5,1,292,3
2025-01-11 16:32:48.498217,16,5,1,322,3
2025-01-11 17:32:48.498217,17,5,1,147,3
2025-01-11 18:32:48.498217,18,5,1,132,3
2025-01-11 19:32:48.498217,19,5,1,168,3
2025-01-11 20:32:48.498217,20,5,1,154,3
2025-01-11 21:32:48.498217,21,5,1,130,3
2025-01-11 22:32:48.498217,22,5,1,178,3
2025-01-11 23:32:48.498217,23,5,1,142,3
2025-01-12 00:32:48.498217,0,6,1,32,3
2025-01-12 01:32:48.498217,1,6,1,27,3
2025-01-12 02:32:48.498217,2,6,1,28,3
2025-01-12 03:32:48.498217,3,6,1,25,3
2025-01-12 04:32:48.498217,4,6,1,35,3
2025-01-12 05:32:48.498217,5,6,1,26,3
2025-01-12 06:32:48.498217,6,6,1,128,3
2025-01-12 07:32:48.498217,7,6,1,169,3
2025-01-12 08:32:48.498217,8,6,1,138,3
2025-01-12 09:32:48.498217,9,6,1,163,3
2025-01-12 10:32:48.498217,10,6,1,140,3
2025-01-12 11:32:48.498217,11,6,1,335,3
2025-01-12 12:32:48.498217,12,6,1,320,3
2025-01-12 13:32:48.498217,13,6,1,269,3
2025-01-12 14:32:48.498217,14,6,1,341,3
2025-01-12 15:32:48.498217,15,6,1,257,3
2025-01-12 16:32:48.498217,16,6,1,336,3
2025-01-12 17:32:48.498217,17,6,1,146,3
2025-01-12 18:32:48.498217,18,6,1,125,3
2025-01-12 19:32:48.498217,19,6,1,123,3
2025-01-12 20:32:48.498217,20,6,1,141,3
2025-01-12 21:32:48.498217,21,6,1,128,3
2025-01-12 22:32:48.498217,22,6,1,164,3
2025-01-12 23:32:48.498217,23,6,1,151,3
2025-01-13 00:32:48.498217,0,0,1,36,3
2025-01-13 01:32:48.498217,1,0,1,33,3
2025-01-13 02:32:48.498217,2,0,1,41,3
2025-01-13 03:32:48.498217,3,0,1,47,3
2025-01-13 04:32:48.498217,4,0,1,41,3
2025-01-13 05:32:48.498217,5,0,1,46,3
2025-01-13 06:32:48.498217,6,0,1,222,3
2025-01-13 07:32:48.498217,7,0,1,220,3
2025-01-13 08:32:48.498217,8,0,1,570,3
2025-01-13 09:32:48.498217,9,0,1,515,3
2025-01-13 10:32:48.498217,10,0,1,201,3
2025-01-13 11:32:48.498217,11,0,1,177,3
2025-01-13 12:32:48.498217,12,0,1,184,3
2025-01-13 13:32:48.498217,13,0,1,225,3
2025-01-13 14:32:48.498217,14,0,1,182,3
2025-01-13 15:32:48.498217,15,0,1,167,3
2025-01-13 16:32:48.498217,16,0,1,173,3
2025-01-13 17:32:48.498217,17,0,1,584,3
2025-01-13 18:32:48.498217,18,0,1,456,3
2025-01-13 19:32:48.498217,19,0,1,174,3
2025-01-13 20:32:48.498217,20,0,1,160,3
2025-01-13 21:32:48.498217,21,0,1,187,3
2025-01-13 22:32:48.498217,22,0,1,185,3
2025-01-13 23:32:48.498217,23,0,1,221,3
2025-01-14 00:32:48.498217,0,1,1,44,3
2025-01-14 01:32:48.498217,1,1,1,36,3
2025-01-14 02:32:48.498217,2,1,1,37,3
2025-01-14 03:32:48.498217,3,1,1,39,3
2025-01-14 04:32:48.498217,4,1,1,37,3
2025-01-14 05:32:48.498217,5,1,1,39,3
2025-01-14 06:32:48.498217,6,1,1,217,3
2025-01-14 07:32:48.498217,7,1,1,176,3
2025-01-14 08:32:48.498217,8,1,1,406,3
2025-01-14 09:32:48.498217,9,1,1,524,3
2025-01-14 10:32:48.498217,10,1,1,233,3
2025-01-14 11:32:48.498217,11,1,1,199,3
2025-01-14 12:32:48.498217,12,1,1,173,3
2025-01-14 13:32:48.498217,13,1,1,205,3
2025-01-14 14:32:48.498217,14,1,1,172,3
2025-01-14 15:32:48.498217,15,1,1,232,3
2025-01-14 16:32:48.498217,16,1,1,197,3
2025-01-14 17:32:48.498217,17,1,1,434,3
2025-01-14 18:32:48.498217,18,1,1,402,3
2025-01-14 19:32:48.498217,19,1,1,216,3
2025-01-14 20:32:48.498217,20,1,1,187,3
2025-01-14 21:32:48.498217,21,1,1,183,3
2025-01-14 22:32:48.498217,22,1,1,221,3
2025-01-14 23:32:48.498217,23,1,1,219,3
2025-01-15 00:32:48.498217,0,2,1,32,3
2025-01-15 01:32:48.498217,1,2,1,46,3
2025-01-15 02:32:48.498217,2,2,1,32,3
2025-01-15 03:32:48.498217,3,2,1,44,3
2025-01-15 04:32:48.498217,4,2,1,43,3
2025-01-15 05:32:48.498217,5,2,1,33,3
2025-01-15 06:32:48.498217,6,2,1,208,3
2025-01-15 07:32:48.498217,7,2,1,211,3
2025-01-15 08:32:48.498217,8,2,1,584,3
2025-01-15 09:32:48.498217,9,2,1,428,3
2025-01-15 10:32:48.498217,10,2,1,196,3
2025-01-15 11:32:48.498217,11,2,1,165,3
2025-01-15 12:32:48.498217,12,2,1,208,3
2025-01-15 13:32:48.498217,13,2,1,181,3
2025-01-15 14:32:48.498217,14,2,1,170,3
2025-01-15 15:32:48.498217,15,2,1,171,3
2025-01-15 16:32:48.498217,16,2,1,206,3
2025-01-15 17:32:48.498217,17,2,1,410,3
2025-01-15 18:32:48.498217,18,2,1,571,3
2025-01-15 19:32:48.498217,19,2,1,238,3
2025-01-15 20:32:48.498217,20,2,1,188,3
2025-01-15 21:32:48.498217,21,2,1,163,3
2025-01-15 22:32:48.498217,22,2,1,205,3
2025-01-15 23:32:48.498217,23,2,1,201,3
2025-01-16 00:32:48.498217,0,3,1,33,3
2025-01-16 01:32:48.498217,1,3,1,39,3
2025-01-16 02:32:48.498217,2,3,1,40,3
2025-01-16 03:32:48.498217,3,3,1,38,3
2025-01-16 04:32:48.498217,4,3,1,38,3
2025-01-16 05:32:48.498217,5,3,1,39,3
2025-01-16 06:32:48.498217,6,3,1,230,3
2025-01-16 07:32:48.498217,7,3,1,160,3
2025-01-16 08:32:48.498217,8,3,1,450,3
2025-01-16 09:32:48.498217,9,3,1,482,3
2025-01-16 10:32:48.498217,10,3,1,230,3
2025-01-16 11:32:48.498217,11,3,1,229,3
2025-01-16 12:32:48.498217,12,3,1,189,3
2025-01-16 13:32:48.498217,13,3,1,178,3
2025-01-16 14:32:48.498217,14,3,1,232,3
2025-01-16 15:32:48.498217,15,3,1,185,3
2025-01-16 16:32:48.498217,16,3,1,237,3
2025-01-16 17:32:48.498217,17,3,1,407,3
2025-01-16 18:32:48.498217,18,3,1,402,3
2025-01-16 19:32:48.498217,19,3,1,170,3
2025-01-16 20:32:48.498217,20,3,1,222,3
2025-01-16 21:32:48.498217,21,3,1,202,3
2025-01-16 22:32:48.498217,22,3,1,237,3
2025-01-16 23:32:48.498217,23,3,1,203,3
2025-01-17 00:32:48.498217,0,4,1,33,3
2025-01-17 01:32:48.498217,1,4,1,39,3
2025-01-17 02:32:48.498217,2,4,1,39,3
2025-01-17 03:32:48.498217,3,4,1,39,3
2025-01-17 04:32:48.498217,4,4,1,43,3
2025-01-17 05:32:48.498217,5,4,1,41,3
2025-01-17 06:32:48.498217,6,4,1,198,3
2025-01-17 07:32:48.498217,7,4,1,167,3
2025-01-17 08:32:48.498217,8,4,1,479,3
2025-01-17 09:32:48.498217,9,4,1,471,3
2025-01-17 10:32:48.498217,10,4,1,177,3
2025-01-17 11:32:48.498217,11,4,1,188,3
2025-01-17 12:32:48.498217,12,4,1,175,3
2025-01-17 13:32:48.498217,13,4,1,183,3
2025-01-17 14:32:48.498217,14,4,1,202,3
2025-01-17 15:32:48.498217,15,4,1,203,3
2025-01-17 16:32:48.498217,16,4,1,180,3
2025-01-17 17:32:48.498217,17,4,1,423,3
2025-01-17 18:32:48.498217,18,4,1,407,3
2025-01-17 19:32:48.498217,19,4,1,161,3
2025-01-17 20:32:48.498217,20,4,1,169,3
2025-01-17 21:32:48.498217,21,4,1,188,3
2025-01-17 22:32:48.498217,22,4,1,193,3
2025-01-17 23:32:48.498217,23,4,1,181,3
2025-01-18 00:32:48.498217,0,5,1,27,3
2025-01-18 01:32:48.498217,1,5,1,31,3
2025-01-18 02:32:48.498217,2,5,1,24,3
2025-01-18 03:32:48.498217,3,5,1,29,3
2025-01-18 04:32:48.498217,4,5,1,32,3
2025-01-18 05:32:48.498217,5,5,1,32,3
2025-01-18 06:32:48.498217,6,5,1,133,3
2025-01-18 07:32:48.498217,7,5,1,148,3
2025-01-18 08:32:48.498217,8,5,1,139,3
2025-01-18 09:32:48.498217,9,5,1,170,3
2025-01-18 10:32:48.498217,10,5,1,161,3
2025-01-18 11:32:48.498217,11,5,1,316,3
2025-01-18 12:32:48.498217,12,5,1,255,3
2025-01-18 13:32:48.498217,13,5,1,288,3
2025-01-18 14:32:48.498217,14,5,1,315,3
2025-01-18 15:32:48.498217,15,5,1,267,3
2025-01-18 16:32:48.498217,16,5,1,341,3
2025-01-18 17:32:48.498217,17,5,1,130,3
2025-01-18 18:32:48.498217,18,5,1,164,3
2025-01-18 19:32:48.498217,19,5,1,152,3
2025-01-18 20:32:48.498217,20,5,1,172,3
2025-01-18 21:32:48.498217,21,5,1,163,3
2025-01-18 22:32:48.498217,22,5,1,160,3
2025-01-18 23:32:48.498217,23,5,1,133,3
2025-01-19 00:32:48.498217,0,6,1,34,3
2025-01-19 01:32:48.498217,1,6,1,35,3
2025-01-19 02:32:48.498217,2,6,1,28,3
2025-01-19 03:32:48.498217,3,6,1,26,3
2025-01-19 04:32:48.498217,4,6,1,24,3
2025-01-19 05:32:48.498217,5,6,1,29,3
2025-01-19 06:32:48.498217,6,6,1,161,3
2025-01-19 07:32:48.498217,7,6,1,130,3
2025-01-19 08:32:48.498217,8,6,1,142,3
2025-01-19 09:32:48.498217,9,6,1,142,3
2025-01-19 10:32:48.498217,10,6,1,163,3
2025-01-19 11:32:48.498217,11,6,1,297,3
2025-01-19 12:32:48.498217,12,6,1,249,3
2025-01-19 13:32:48.498217,13,6,1,331,3
2025-01-19 14:32:48.498217,14,6,1,333,3
2025-01-19 15:32:48.498217,15,6,1,359,3
2025-01-19 16:32:48.498217,16,6,1,319,3
2025-01-19 17:32:48.498217,17,6,1,121,3
2025-01-19 18:32:48.498217,18,6,1,152,3
2025-01-19 19:32:48.498217,19,6,1,172,3
2025-01-19 20:32:48.498217,20,6,1,131,3
2025-01-19 21:32:48.498217,21,6,1,142,3
2025-01-19 22:32:48.498217,22,6,1,169,3
2025-01-19 23:32:48.498217,23,6,1,129,3
2025-01-20 00:32:48.498217,0,0,1,40,3
2025-01-20 01:32:48.498217,1,0,1,37,3
2025-01-20 02:32:48.498217,2,0,1,39,3
2025-01-20 03:32:48.498217,3,0,1,45,3
2025-01-20 04:32:48.498217,4,0,1,36,3
2025-01-20 05:32:48.498217,5,0,1,44,3
2025-01-20 06:32:48.498217,6,0,1,169,3
2025-01-20 07:32:48.498217,7,0,1,237,3
2025-01-20 08:32:48.498217,8,0,1,555,3
2025-01-20 09:32:48.498217,9,0,1,432,3
2025-01-20 10:32:48.498217,10,0,1,217,3
2025-01-20 11:32:48.498217,11,0,1,194,3
2025-01-20 12:32:48.498217,12,0,1,224,3
2025-01-20 13:32:48.498217,13,0,1,177,3
2025-01-20 14:32:48.498217,14,0,1,208,3
2025-01-20 15:32:48.498217,15,0,1,191,3
2025-01-20 16:32:48.498217,16,0,1,192,3
2025-01-20 17:32:48.498217,17,0,1,589,3
2025-01-20 18:32:48.498217,18,0,1,537,3
2025-01-20 19:32:48.498217,19,0,1,234,3
2025-01-20 20:32:48.498217,20,0,1,234,3
2025-01-20 21:32:48.498217,21,0,1,229,3
2025-01-20 22:32:48.498217,22,0,1,198,3
2025-01-20 23:32:48.498217,23,0,1,171,3
2025-01-21 00:32:48.498217,0,1,1,41,3
2025-01-21 01:32:48.498217,1,1,1,43,3
2025-01-21 02:32:48.498217,2,1,1,38,3
2025-01-21 03:32:48.498217,3,1,1,43,3
2025-01-21 04:32:48.498217,4,1,1,47,3
2025-01-21 05:32:48.498217,5,1,1,46,3
2025-01-21 06:32:48.498217,6,1,1,227,3
2025-01-21 07:32:48.498217,7,1,1,201,3
2025-01-21 08:32:48.498217,8,1,1,443,3
2025-01-21 09:32:48.498217,9,1,1,409,3
2025-01-21 10:32:48.498217,10,1,1,219,3
2025-01-21 11:32:48.498217,11,1,1,191,3
2025-01-21 12:32:48.498217,12,1,1,213,3
2025-01-21 13:32:48.498217,13,1,1,208,3
2025-01-21 14:32:48.498217,14,1,1,175,3
2025-01-21 15:32:48.498217,15,1,1,201,3
2025-01-21 16:32:48.498217,16,1,1,234,3
2025-01-21 17:32:48.498217,17,1,1,586,3
2025-01-21 18:32:48.498217,18,1,1,446,3
2025-01-21 19:32:48.498217,19,1,1,225,3
2025-01-21 20:32:48.498217,20,1,1,170,3
2025-01-21 21:32:48.498217,21,1,1,170,3
2025-01-21 22:32:48.498217,22,1,1,223,3
2025-01-21 23:32:48.498217,23,1,1,230,3
2025-01-22 00:32:48.498217,0,2,1,38,3
2025-01-22 01:32:48.498217,1,2,1,39,3
2025-01-22 02:32:48.498217,2,2,1,46,3
2025-01-22 03:32:48.498217,3,2,1,43,3
2025-01-22 04:32:48.498217,4,2,1,43,3
2025-01-22 05:32:48.498217,5,2,1,42,3
2025-01-22 06:32:48.498217,6,2,1,230,3
2025-01-22 07:32:48.498217,7,2,1,232,3
2025-01-22 08:32:48.498217,8,2,1,551,3
2025-01-22 09:32:48.498217,9,2,1,437,3
2025-01-22 10:32:48.498217,10,2,1,235,3
2025-01-22 11:32:48.498217,11,2,1,237,3
2025-01-22 12:32:48.498217,12,2,1,214,3
2025-01-22 13:32:48.498217,13,2,1,210,3
2025-01-22 14:32:48.498217,14,2,1,226,3
2025-01-22 15:32:48.498217,15,2,1,160,3
2025-01-22 16:32:48.498217,16,2,1,182,3
2025-01-22 17:32:48.498217,17,2,1,482,3
2025-01-22 18:32:48.498217,18,2,1,459,3
2025-01-22 19:32:48.498217,19,2,1,229,3
2025-01-22 20:32:48.498217,20,2,1,218,3
2025-01-22 21:32:48.498217,21,2,1,238,3
2025-01-22 22:32:48.498217,22,2,1,162,3
2025-01-22 23:32:48.498217,23,2,1,180,3
2025-01-23 00:32:48.498217,0,3,1,37,3
2025-01-23 01:32:48.498217,1,3,1,45,3
2025-01-23 02:32:48.498217,2,3,1,32,3
2025-01-23 03:32:48.498217,3,3,1,39,3
2025-01-23 04:32:48.498217,4,3,1,43,3
2025-01-23 05:32:48.498217,5,3,1,38,3
2025-01-23 06:32:48.498217,6,3,1,184,3
2025-01-23 07:32:48.498217,7,3,1,193,3
2025-01-23 08:32:48.498217,8,3,1,448,3
2025-01-23 09:32:48.498217,9,3,1,513,3
2025-01-23 10:32:48.498217,10,3,1,165,3
2025-01-23 11:32:48.498217,11,3,1,175,3
2025-01-23 12:32:48.498217,12,3,1,167,3
2025-01-23 13:32:48.498217,13,3,1,227,3
2025-01-23 14:32:48.498217,14,3,1,200,3
2025-01-23 15:32:48.498217,15,3,1,164,3
2025-01-23 16:32:48.498217,16,3,1,221,3
2025-01-23 17:32:48.498217,17,3,1,591,3
2025-01-23 18:32:48.498217,18,3,1,538,3
2025-01-23 19:32:48.498217,19,3,1,226,3
2025-01-23 20:32:48.498217,20,3,1,211,3
2025-01-23 21:32:48.498217,21,3,1,207,3
2025-01-23 22:32:48.498217,22,3,1,184,3
2025-01-23 23:32:48.498217,23,3,1,161,3
2025-01-24 00:32:48.498217,0,4,1,47,3
2025-01-24 01:32:48.498217,1,4,1,47,3
2025-01-24 02:32:48.498217,2,4,1,33,3
2025-01-24 03:32:48.498217,3,4,1,43,3
2025-01-24 04:32:48.498217,4,4,1,36,3
2025-01-24 05:32:48.498217,5,4,1,47,3
2025-01-24 06:32:48.498217,6,4,1,173,3
2025-01-24 07:32:48.498217,7,4,1,198,3
2025-01-24 08:32:48.498217,8,4,1,597,3
2025-01-24 09:32:48.498217,9,4,1,598,3
2025-01-24 10:32:48.498217,10,4,1,187,3
2025-01-24 11:32:48.498217,11,4,1,210,3
2025-01-24 12:32:48.498217,12,4,1,222,3
2025-01-24 13:32:48.498217,13,4,1,198,3
2025-01-24 14:32:48.498217,14,4,1,206,3
2025-01-24 15:32:48.498217,15,4,1,198,3
2025-01-24 16:32:48.498217,16,4,1,165,3
2025-01-24 17:32:48.498217,17,4,1,559,3
2025-01-24 18:32:48.498217,18,4,1,510,3
2025-01-24 19:32:48.498217,19,4,1,200,3
2025-01-24 20:32:48.498217,20,4,1,192,3
2025-01-24 21:32:48.498217,21,4,1,222,3
2025-01-24 22:32:48.498217,22,4,1,214,3
2025-01-24 23:32:48.498217,23,4,1,223,3
2025-01-25 00:32:48.498217,0,5,1,24,3
2025-01-25 01:32:48.498217,1,5,1,33,3
2025-01-25 02:32:48.498217,2,5,1,25,3
2025-01-25 03:32:48.498217,3,5,1,28,3
2025-01-25 04:32:48.498217,4,5,1,31,3
2025-01-25 05:32:48.498217,5,5,1,32,3
2025-01-25 06:32:48.498217,6,5,1,179,3
2025-01-25 07:32:48.498217,7,5,1,173,3
2025-01-25 08:32:48.498217,8,5,1,169,3
2025-01-25 09:32:48.498217,9,5,1,169,3
2025-01-25 10:32:48.498217,10,5,1,121,3
2025-01-25 11:32:48.498217,11,5,1,262,3
2025-01-25 12:32:48.498217,12,5,1,263,3
2025-01-25 13:32:48.498217,13,5,1,335,3
2025-01-25 14:32:48.498217,14,5,1,295,3
2025-01-25 15:32:48.498217,15,5,1,303,3
2025-01-25 16:32:48.498217,16,5,1,282,3
2025-01-25 17:32:48.498217,17,5,1,128,3
2025-01-25 18:32:48.498217,18,5,1,128,3
2025-01-25 19:32:48.498217,19,5,1,121,3
2025-01-25 20:32:48.498217,20,5,1,166,3
2025-01-25 21:32:48.498217,21,5,1,155,3
2025-01-25 22:32:48.498217,22,5,1,161,3
2025-01-25 23:32:48.498217,23,5,1,132,3
2025-01-26 00:32:48.498217,0,6,1,24,3
2025-01-26 01:32:48.498217,1,6,1,25,3
2025-01-26 02:32:48.498217,2,6,1,28,3
2025-01-26 03:32:48.498217,3,6,1,27,3
2025-01-26 04:32:48.498217,4,6,1,24,3
2025-01-26 05:32:48.498217,5,6,1,27,3
2025-01-26 06:32:48.498217,6,6,1,174,3
2025-01-26 07:32:48.498217,7,6,1,124,3
2025-01-26 08:32:48.498217,8,6,1,151,3
2025-01-26 09:32:48.498217,9,6,1,168,3
2025-01-26 10:32:48.498217,10,6,1,139,3
2025-01-26 11:32:48.498217,11,6,1,242,3
2025-01-26 12:32:48.498217,12,6,1,275,3
2025-01-26 13:32:48.498217,13,6,1,339,3
2025-01-26 14:32:48.498217,14,6,1,349,3
2025-01-26 15:32:48.498217,15,6,1,350,3
2025-01-26 16:32:48.498217,16,6,1,287,3
2025-01-26 17:32:48.498217,17,6,1,156,3
2025-01-26 18:32:48.498217,18,6,1,137,3
2025-01-26 19:32:48.498217,19,6,1,166,3
2025-01-26 20:32:48.498217,20,6,1,122,3
2025-01-26 21:32:48.498217,21,6,1,127,3
2025-01-26 22:32:48.498217,22,6,1,178,3
2025-01-26 23:32:48.498217,23,6,1,141,3
2025-01-27 00:32:48.498217,0,0,1,39,3
2025-01-27 01:32:48.498217,1,0,1,34,3
2025-01-27 02:32:48.498217,2,0,1,41,3
2025-01-27 03:32:48.498217,3,0,1,32,3
2025-01-27 04:32:48.498217,4,0,1,41,3
2025-01-27 05:32:48.498217,5,0,1,40,3
2025-01-27 06:32:48.498217,6,0,1,214,3
2025-01-27 07:32:48.498217,7,0,1,176,3
2025-01-27 08:32:48.498217,8,0,1,430,3
2025-01-27 09:32:48.498217,9,0,1,407,3
2025-01-27 10:32:48.498217,10,0,1,230,3
2025-01-27 11:32:48.498217,11,0,1,201,3
2025-01-27 12:32:48.498217,12,0,1,218,3
2025-01-27 13:32:48.498217,13,0,1,182,3
2025-01-27 14:32:48.498217,14,0,1,199,3
2025-01-27 15:32:48.498217,15,0,1,214,3
2025-01-27 16:32:48.498217,16,0,1,228,3
2025-01-27 17:32:48.498217,17,0,1,566,3
2025-01-27 18:32:48.498217,18,0,1,466,3
2025-01-27 19:32:48.498217,19,0,1,217,3
2025-01-27 20:32:48.498217,20,0,1,171,3
2025-01-27 21:32:48.498217,21,0,1,191,3
2025-01-27 22:32:48.498217,22,0,1,209,3
2025-01-27 23:32:48.498217,23,0,1,182,3
2025-01-28 00:32:48.498217,0,1,1,32,3
2025-01-28 01:32:48.498217,1,1,1,46,3
2025-01-28 02:32:48.498217,2,1,1,40,3
2025-01-28 03:32:48.498217,3,1,1,32,3
2025-01-28 04:32:48.498217,4,1,1,41,3
2025-01-28 05:32:48.498217,5,1,1,39,3
2025-01-28 06:32:48.498217,6,1,1,177,3
2025-01-28 07:32:48.498217,7,1,1,237,3
2025-01-28 08:32:48.498217,8,1,1,430,3
2025-01-28 09:32:48.498217,9,1,1,434,3
2025-01-28 10:32:48.498217,10,1,1,200,3
2025-01-28 11:32:48.498217,11,1,1,208,3
2025-01-28 12:32:48.498217,12,1,1,229,3
2025-01-28 13:32:48.498217,13,1,1,193,3
2025-01-28 14:32:48.498217,14,1,1,216,3
2025-01-28 15:32:48.498217,15,1,1,202,3
2025-01-28 16:32:48.498217,16,1,1,223,3
2025-01-28 17:32:48.498217,17,1,1,461,3
2025-01-28 18:32:48.498217,18,1,1,572,3
2025-01-28 19:32:48.498217,19,1,1,163,3
2025-01-28 20:32:48.498217,20,1,1,212,3
2025-01-28 21:32:48.498217,21,1,1,194,3
2025-01-28 22:32:48.498217,22,1,1,209,3
2025-01-28 23:32:48.498217,23,1,1,175,3
2025-01-29 00:32:48.498217,0,2,1,39,3
2025-01-29 01:32:48.498217,1,2,1,43,3
2025-01-29 02:32:48.498217,2,2,1,47,3
2025-01-29 03:32:48.498217,3,2,1,40,3
2025-01-29 04:32:48.498217,4,2,1,38,3
2025-01-29 05:32:48.498217,5,2,1,47,3
2025-01-29 06:32:48.498217,6,2,1,210,3
2025-01-29 07:32:48.498217,7,2,1,177,3
2025-01-29 08:32:48.498217,8,2,1,525,3
2025-01-29 09:32:48.498217,9,2,1,462,3
2025-01-29 10:32:48.498217,10,2,1,239,3
2025-01-29 11:32:48.498217,11,2,1,219,3
2025-01-29 12:32:48.498217,12,2,1,172,3
2025-01-29 13:32:48.498217,13,2,1,216,3
2025-01-29 14:32:48.498217,14,2,1,199,3
2025-01-29 15:32:48.498217,15,2,1,175,3
2025-01-29 16:32:48.498217,16,2,1,189,3
2025-01-29 17:32:48.498217,17,2,1,537,3
2025-01-29 18:32:48.498217,18,2,1,582,3
2025-01-29 19:32:48.498217,19,2,1,167,3
2025-01-29 20:32:48.498217,20,2,1,225,3
2025-01-29 21:32:48.498217,21,2,1,215,3
2025-01-29 22:32:48.498217,22,2,1,221,3
2025-01-29 23:32:48.498217,23,2,1,204,3
2025-01-30 00:32:48.498217,0,3,1,43,3
2025-01-30 01:32:48.498217,1,3,1,47,3
2025-01-30 02:32:48.498217,2,3,1,42,3
2025-01-30 03:32:48.498217,3,3,1,35,3
2025-01-30 04:32:48.498217,4,3,1,44,3
2025-01-30 05:32:48.498217,5,3,1,33,3
2025-01-30 06:32:48.498217,6,3,1,202,3
2025-01-30 07:32:48.498217,7,3,1,198,3
2025-01-30 08:32:48.498217,8,3,1,418,3
2025-01-30 09:32:48.498217,9,3,1,490,3
2025-01-30 10:32:48.498217,10,3,1,208,3
2025-01-30 11:32:48.498217,11,3,1,216,3
2025-01-30 12:32:48.498217,12,3,1,215,3
2025-01-30 13:32:48.498217,13,3,1,210,3
2025-01-30 14:32:48.498217,14,3,1,204,3
2025-01-30 15:32:48.498217,15,3,1,188,3
2025-01-30 16:32:48.498217,16,3,1,222,3
2025-01-30 17:32:48.498217,17,3,1,546,3
2025-01-30 18:32:48.498217,18,3,1,474,3
2025-01-30 19:32:48.498217,19,3,1,210,3
